-- phpMyAdmin SQL Dump
-- version 4.9.0.1
-- https://www.phpmyadmin.net/
--
-- Хост: 127.0.0.1
-- Время создания: Май 04 2021 г., 16:28
-- Версия сервера: 10.3.16-MariaDB
-- Версия PHP: 7.3.6

SET SQL_MODE = "NO_AUTO_VALUE_ON_ZERO";
SET AUTOCOMMIT = 0;
START TRANSACTION;
SET time_zone = "+00:00";


/*!40101 SET @OLD_CHARACTER_SET_CLIENT=@@CHARACTER_SET_CLIENT */;
/*!40101 SET @OLD_CHARACTER_SET_RESULTS=@@CHARACTER_SET_RESULTS */;
/*!40101 SET @OLD_COLLATION_CONNECTION=@@COLLATION_CONNECTION */;
/*!40101 SET NAMES utf8mb4 */;

--
-- База данных: `articles`
--

-- --------------------------------------------------------

--
-- Структура таблицы `authors`
--

CREATE TABLE `authors` (
  `ID` int(11) NOT NULL,
  `NAME` varchar(255) NOT NULL
) ENGINE=InnoDB DEFAULT CHARSET=utf8mb4;

--
-- Дамп данных таблицы `authors`
--

INSERT INTO `authors` (`ID`, `NAME`) VALUES
(1, 'Дмитрий'),
(2, 'Гость');

-- --------------------------------------------------------

--
-- Структура таблицы `categories`
--

CREATE TABLE `categories` (
  `ID` int(11) NOT NULL,
  `NAME` varchar(255) NOT NULL,
  `CODE` varchar(255) NOT NULL
) ENGINE=InnoDB DEFAULT CHARSET=utf8mb4;

--
-- Дамп данных таблицы `categories`
--

INSERT INTO `categories` (`ID`, `NAME`, `CODE`) VALUES
(1, 'разное', 'other'),
(2, 'интересное', 'interesting'),
(3, 'о жизни', 'about_life'),
(4, 'обучение', 'training'),
(5, 'работа', 'work');

-- --------------------------------------------------------

--
-- Структура таблицы `posts`
--

CREATE TABLE `posts` (
  `ID` int(11) NOT NULL,
  `ACTIVE` tinyint(1) NOT NULL,
  `TITLE` varchar(255) NOT NULL,
  `CODE` varchar(255) NOT NULL,
  `CONTENT` text NOT NULL,
  `CATEGORY_ID` int(11) NOT NULL,
  `AUTHOR_ID` int(11) NOT NULL,
  `DATE` datetime NOT NULL
) ENGINE=InnoDB DEFAULT CHARSET=utf8mb4;

--
-- Дамп данных таблицы `posts`
--

INSERT INTO `posts` (`ID`, `ACTIVE`, `TITLE`, `CODE`, `CONTENT`, `CATEGORY_ID`, `AUTHOR_ID`, `DATE`) VALUES
(1, 1, 'Все чаще появляется информация о том, что известный инсайдер, в преддверии важного события, обнадёживает', 'Increasingly,_there_is_information_that_a well-known_insider,_on_the_eve_of_an _important_event,_is_encouraging', 'С другой стороны постоянное информационно-пропагандистское обеспечение нашей деятельности обеспечивает широкому кругу (специалистов) участие в формировании позиций, занимаемых участниками в отношении поставленных задач. Идейные соображения высшего порядка, а также укрепление и развитие структуры играет важную роль в формировании существенных финансовых и административных условий.\r\n. Повседневная практика показывает, что укрепление и развитие структуры обеспечивает широкому кругу (специалистов) участие в формировании дальнейших направлений развития. С другой стороны постоянное информационно-пропагандистское обеспечение нашей деятельности обеспечивает широкому кругу (специалистов) участие в формировании позиций, занимаемых участниками в отношении поставленных задач.\r\nРавным образом постоянный количественный рост и сфера нашей активности играет важную роль в формировании системы обучения кадров, соответствует насущным потребностям. Товарищи! сложившаяся структура организации представляет собой интересный эксперимент проверки направлений прогрессивного развития. Повседневная практика показывает, что реализация намеченных плановых заданий в значительной степени обуславливает создание модели развития. С другой стороны рамки и место обучения кадров способствует подготовки и реализации модели развития.', 2, 1, '2021-05-03 00:00:00'),
(2, 1, 'Все чаще появляется информация о том, что известный инсайдер, в преддверии важного события, обнадёживает', 'Increasingly,_there_is_information_that_a well-known_insider,_on_the_eve_of_an _important_event,_is_encouraging', 'С другой стороны постоянное информационно-пропагандистское обеспечение нашей деятельности обеспечивает широкому кругу (специалистов) участие в формировании позиций, занимаемых участниками в отношении поставленных задач. Идейные соображения высшего порядка, а также укрепление и развитие структуры играет важную роль в формировании существенных финансовых и административных условий.\r\n. Повседневная практика показывает, что укрепление и развитие структуры обеспечивает широкому кругу (специалистов) участие в формировании дальнейших направлений развития. С другой стороны постоянное информационно-пропагандистское обеспечение нашей деятельности обеспечивает широкому кругу (специалистов) участие в формировании позиций, занимаемых участниками в отношении поставленных задач.\r\nРавным образом постоянный количественный рост и сфера нашей активности играет важную роль в формировании системы обучения кадров, соответствует насущным потребностям. Товарищи! сложившаяся структура организации представляет собой интересный эксперимент проверки направлений прогрессивного развития. Повседневная практика показывает, что реализация намеченных плановых заданий в значительной степени обуславливает создание модели развития. С другой стороны рамки и место обучения кадров способствует подготовки и реализации модели развития.', 2, 1, '2021-05-03 00:00:00'),
(3, 1, 'Все чаще появляется информация о том, что известный инсайдер, в преддверии важного события, обнадёживает', 'Increasingly,_there_is_information_that_a well-known_insider,_on_the_eve_of_an _important_event,_is_encouraging', 'С другой стороны постоянное информационно-пропагандистское обеспечение нашей деятельности обеспечивает широкому кругу (специалистов) участие в формировании позиций, занимаемых участниками в отношении поставленных задач. Идейные соображения высшего порядка, а также укрепление и развитие структуры играет важную роль в формировании существенных финансовых и административных условий.\r\n. Повседневная практика показывает, что укрепление и развитие структуры обеспечивает широкому кругу (специалистов) участие в формировании дальнейших направлений развития. С другой стороны постоянное информационно-пропагандистское обеспечение нашей деятельности обеспечивает широкому кругу (специалистов) участие в формировании позиций, занимаемых участниками в отношении поставленных задач.\r\nРавным образом постоянный количественный рост и сфера нашей активности играет важную роль в формировании системы обучения кадров, соответствует насущным потребностям. Товарищи! сложившаяся структура организации представляет собой интересный эксперимент проверки направлений прогрессивного развития. Повседневная практика показывает, что реализация намеченных плановых заданий в значительной степени обуславливает создание модели развития. С другой стороны рамки и место обучения кадров способствует подготовки и реализации модели развития.', 2, 1, '2021-05-03 00:00:00'),
(4, 1, 'Все чаще появляется информация о том, что известный инсайдер, в преддверии важного события, обнадёживает', 'Increasingly,_there_is_information_that_a well-known_insider,_on_the_eve_of_an _important_event,_is_encouraging', 'С другой стороны постоянное информационно-пропагандистское обеспечение нашей деятельности обеспечивает широкому кругу (специалистов) участие в формировании позиций, занимаемых участниками в отношении поставленных задач. Идейные соображения высшего порядка, а также укрепление и развитие структуры играет важную роль в формировании существенных финансовых и административных условий.\r\n. Повседневная практика показывает, что укрепление и развитие структуры обеспечивает широкому кругу (специалистов) участие в формировании дальнейших направлений развития. С другой стороны постоянное информационно-пропагандистское обеспечение нашей деятельности обеспечивает широкому кругу (специалистов) участие в формировании позиций, занимаемых участниками в отношении поставленных задач.\r\nРавным образом постоянный количественный рост и сфера нашей активности играет важную роль в формировании системы обучения кадров, соответствует насущным потребностям. Товарищи! сложившаяся структура организации представляет собой интересный эксперимент проверки направлений прогрессивного развития. Повседневная практика показывает, что реализация намеченных плановых заданий в значительной степени обуславливает создание модели развития. С другой стороны рамки и место обучения кадров способствует подготовки и реализации модели развития.', 2, 1, '2021-05-03 00:00:00'),
(5, 1, 'Все чаще появляется информация о том, что известный инсайдер, в преддверии важного события, обнадёживает', 'Increasingly,_there_is_information_that_a well-known_insider,_on_the_eve_of_an _important_event,_is_encouraging', 'С другой стороны постоянное информационно-пропагандистское обеспечение нашей деятельности обеспечивает широкому кругу (специалистов) участие в формировании позиций, занимаемых участниками в отношении поставленных задач. Идейные соображения высшего порядка, а также укрепление и развитие структуры играет важную роль в формировании существенных финансовых и административных условий.\r\n. Повседневная практика показывает, что укрепление и развитие структуры обеспечивает широкому кругу (специалистов) участие в формировании дальнейших направлений развития. С другой стороны постоянное информационно-пропагандистское обеспечение нашей деятельности обеспечивает широкому кругу (специалистов) участие в формировании позиций, занимаемых участниками в отношении поставленных задач.\r\nРавным образом постоянный количественный рост и сфера нашей активности играет важную роль в формировании системы обучения кадров, соответствует насущным потребностям. Товарищи! сложившаяся структура организации представляет собой интересный эксперимент проверки направлений прогрессивного развития. Повседневная практика показывает, что реализация намеченных плановых заданий в значительной степени обуславливает создание модели развития. С другой стороны рамки и место обучения кадров способствует подготовки и реализации модели развития.', 2, 1, '2021-05-03 00:00:00'),
(6, 1, 'Все чаще появляется информация о том, что известный инсайдер, в преддверии важного события, обнадёживает', 'Increasingly,_there_is_information_that_a well-known_insider,_on_the_eve_of_an _important_event,_is_encouraging', 'С другой стороны постоянное информационно-пропагандистское обеспечение нашей деятельности обеспечивает широкому кругу (специалистов) участие в формировании позиций, занимаемых участниками в отношении поставленных задач. Идейные соображения высшего порядка, а также укрепление и развитие структуры играет важную роль в формировании существенных финансовых и административных условий.\r\n. Повседневная практика показывает, что укрепление и развитие структуры обеспечивает широкому кругу (специалистов) участие в формировании дальнейших направлений развития. С другой стороны постоянное информационно-пропагандистское обеспечение нашей деятельности обеспечивает широкому кругу (специалистов) участие в формировании позиций, занимаемых участниками в отношении поставленных задач.\r\nРавным образом постоянный количественный рост и сфера нашей активности играет важную роль в формировании системы обучения кадров, соответствует насущным потребностям. Товарищи! сложившаяся структура организации представляет собой интересный эксперимент проверки направлений прогрессивного развития. Повседневная практика показывает, что реализация намеченных плановых заданий в значительной степени обуславливает создание модели развития. С другой стороны рамки и место обучения кадров способствует подготовки и реализации модели развития.', 2, 1, '2021-05-03 00:00:00'),
(7, 1, 'Все чаще появляется информация о том, что известный инсайдер, в преддверии важного события, обнадёживает', 'Increasingly,_there_is_information_that_a well-known_insider,_on_the_eve_of_an _important_event,_is_encouraging', 'С другой стороны постоянное информационно-пропагандистское обеспечение нашей деятельности обеспечивает широкому кругу (специалистов) участие в формировании позиций, занимаемых участниками в отношении поставленных задач. Идейные соображения высшего порядка, а также укрепление и развитие структуры играет важную роль в формировании существенных финансовых и административных условий.\r\n. Повседневная практика показывает, что укрепление и развитие структуры обеспечивает широкому кругу (специалистов) участие в формировании дальнейших направлений развития. С другой стороны постоянное информационно-пропагандистское обеспечение нашей деятельности обеспечивает широкому кругу (специалистов) участие в формировании позиций, занимаемых участниками в отношении поставленных задач.\r\nРавным образом постоянный количественный рост и сфера нашей активности играет важную роль в формировании системы обучения кадров, соответствует насущным потребностям. Товарищи! сложившаяся структура организации представляет собой интересный эксперимент проверки направлений прогрессивного развития. Повседневная практика показывает, что реализация намеченных плановых заданий в значительной степени обуславливает создание модели развития. С другой стороны рамки и место обучения кадров способствует подготовки и реализации модели развития.', 2, 1, '2021-05-03 00:00:00'),
(8, 1, 'Все чаще появляется информация о том, что известный инсайдер, в преддверии важного события, обнадёживает', 'Increasingly,_there_is_information_that_a well-known_insider,_on_the_eve_of_an _important_event,_is_encouraging', 'С другой стороны постоянное информационно-пропагандистское обеспечение нашей деятельности обеспечивает широкому кругу (специалистов) участие в формировании позиций, занимаемых участниками в отношении поставленных задач. Идейные соображения высшего порядка, а также укрепление и развитие структуры играет важную роль в формировании существенных финансовых и административных условий.\r\n. Повседневная практика показывает, что укрепление и развитие структуры обеспечивает широкому кругу (специалистов) участие в формировании дальнейших направлений развития. С другой стороны постоянное информационно-пропагандистское обеспечение нашей деятельности обеспечивает широкому кругу (специалистов) участие в формировании позиций, занимаемых участниками в отношении поставленных задач.\r\nРавным образом постоянный количественный рост и сфера нашей активности играет важную роль в формировании системы обучения кадров, соответствует насущным потребностям. Товарищи! сложившаяся структура организации представляет собой интересный эксперимент проверки направлений прогрессивного развития. Повседневная практика показывает, что реализация намеченных плановых заданий в значительной степени обуславливает создание модели развития. С другой стороны рамки и место обучения кадров способствует подготовки и реализации модели развития.', 2, 1, '2021-05-03 00:00:00'),
(9, 1, 'Все чаще появляется информация о том, что известный инсайдер, в преддверии важного события, обнадёживает', 'Increasingly,_there_is_information_that_a well-known_insider,_on_the_eve_of_an _important_event,_is_encouraging', 'С другой стороны постоянное информационно-пропагандистское обеспечение нашей деятельности обеспечивает широкому кругу (специалистов) участие в формировании позиций, занимаемых участниками в отношении поставленных задач. Идейные соображения высшего порядка, а также укрепление и развитие структуры играет важную роль в формировании существенных финансовых и административных условий.\r\n. Повседневная практика показывает, что укрепление и развитие структуры обеспечивает широкому кругу (специалистов) участие в формировании дальнейших направлений развития. С другой стороны постоянное информационно-пропагандистское обеспечение нашей деятельности обеспечивает широкому кругу (специалистов) участие в формировании позиций, занимаемых участниками в отношении поставленных задач.\r\nРавным образом постоянный количественный рост и сфера нашей активности играет важную роль в формировании системы обучения кадров, соответствует насущным потребностям. Товарищи! сложившаяся структура организации представляет собой интересный эксперимент проверки направлений прогрессивного развития. Повседневная практика показывает, что реализация намеченных плановых заданий в значительной степени обуславливает создание модели развития. С другой стороны рамки и место обучения кадров способствует подготовки и реализации модели развития.', 2, 1, '2021-05-03 00:00:00'),
(10, 1, 'Все чаще появляется информация о том, что известный инсайдер, в преддверии важного события, обнадёживает', 'Increasingly,_there_is_information_that_a well-known_insider,_on_the_eve_of_an _important_event,_is_encouraging', 'С другой стороны постоянное информационно-пропагандистское обеспечение нашей деятельности обеспечивает широкому кругу (специалистов) участие в формировании позиций, занимаемых участниками в отношении поставленных задач. Идейные соображения высшего порядка, а также укрепление и развитие структуры играет важную роль в формировании существенных финансовых и административных условий.\r\n. Повседневная практика показывает, что укрепление и развитие структуры обеспечивает широкому кругу (специалистов) участие в формировании дальнейших направлений развития. С другой стороны постоянное информационно-пропагандистское обеспечение нашей деятельности обеспечивает широкому кругу (специалистов) участие в формировании позиций, занимаемых участниками в отношении поставленных задач.\r\nРавным образом постоянный количественный рост и сфера нашей активности играет важную роль в формировании системы обучения кадров, соответствует насущным потребностям. Товарищи! сложившаяся структура организации представляет собой интересный эксперимент проверки направлений прогрессивного развития. Повседневная практика показывает, что реализация намеченных плановых заданий в значительной степени обуславливает создание модели развития. С другой стороны рамки и место обучения кадров способствует подготовки и реализации модели развития.', 2, 1, '2021-05-03 00:00:00'),
(11, 1, 'Все чаще появляется информация о том, что известный инсайдер, в преддверии важного события, обнадёживает', 'Increasingly,_there_is_information_that_a well-known_insider,_on_the_eve_of_an _important_event,_is_encouraging', 'С другой стороны постоянное информационно-пропагандистское обеспечение нашей деятельности обеспечивает широкому кругу (специалистов) участие в формировании позиций, занимаемых участниками в отношении поставленных задач. Идейные соображения высшего порядка, а также укрепление и развитие структуры играет важную роль в формировании существенных финансовых и административных условий.\r\n. Повседневная практика показывает, что укрепление и развитие структуры обеспечивает широкому кругу (специалистов) участие в формировании дальнейших направлений развития. С другой стороны постоянное информационно-пропагандистское обеспечение нашей деятельности обеспечивает широкому кругу (специалистов) участие в формировании позиций, занимаемых участниками в отношении поставленных задач.\r\nРавным образом постоянный количественный рост и сфера нашей активности играет важную роль в формировании системы обучения кадров, соответствует насущным потребностям. Товарищи! сложившаяся структура организации представляет собой интересный эксперимент проверки направлений прогрессивного развития. Повседневная практика показывает, что реализация намеченных плановых заданий в значительной степени обуславливает создание модели развития. С другой стороны рамки и место обучения кадров способствует подготовки и реализации модели развития.', 2, 1, '2021-05-03 00:00:00'),
(12, 1, 'Все чаще появляется информация о том, что известный инсайдер, в преддверии важного события, обнадёживает', 'Increasingly,_there_is_information_that_a well-known_insider,_on_the_eve_of_an _important_event,_is_encouraging', 'С другой стороны постоянное информационно-пропагандистское обеспечение нашей деятельности обеспечивает широкому кругу (специалистов) участие в формировании позиций, занимаемых участниками в отношении поставленных задач. Идейные соображения высшего порядка, а также укрепление и развитие структуры играет важную роль в формировании существенных финансовых и административных условий.\r\n. Повседневная практика показывает, что укрепление и развитие структуры обеспечивает широкому кругу (специалистов) участие в формировании дальнейших направлений развития. С другой стороны постоянное информационно-пропагандистское обеспечение нашей деятельности обеспечивает широкому кругу (специалистов) участие в формировании позиций, занимаемых участниками в отношении поставленных задач.\r\nРавным образом постоянный количественный рост и сфера нашей активности играет важную роль в формировании системы обучения кадров, соответствует насущным потребностям. Товарищи! сложившаяся структура организации представляет собой интересный эксперимент проверки направлений прогрессивного развития. Повседневная практика показывает, что реализация намеченных плановых заданий в значительной степени обуславливает создание модели развития. С другой стороны рамки и место обучения кадров способствует подготовки и реализации модели развития.', 2, 1, '2021-05-03 00:00:00'),
(13, 1, 'Все чаще появляется информация о том, что известный инсайдер, в преддверии важного события, обнадёживает', 'Increasingly,_there_is_information_that_a well-known_insider,_on_the_eve_of_an _important_event,_is_encouraging', 'С другой стороны постоянное информационно-пропагандистское обеспечение нашей деятельности обеспечивает широкому кругу (специалистов) участие в формировании позиций, занимаемых участниками в отношении поставленных задач. Идейные соображения высшего порядка, а также укрепление и развитие структуры играет важную роль в формировании существенных финансовых и административных условий.\r\n. Повседневная практика показывает, что укрепление и развитие структуры обеспечивает широкому кругу (специалистов) участие в формировании дальнейших направлений развития. С другой стороны постоянное информационно-пропагандистское обеспечение нашей деятельности обеспечивает широкому кругу (специалистов) участие в формировании позиций, занимаемых участниками в отношении поставленных задач.\r\nРавным образом постоянный количественный рост и сфера нашей активности играет важную роль в формировании системы обучения кадров, соответствует насущным потребностям. Товарищи! сложившаяся структура организации представляет собой интересный эксперимент проверки направлений прогрессивного развития. Повседневная практика показывает, что реализация намеченных плановых заданий в значительной степени обуславливает создание модели развития. С другой стороны рамки и место обучения кадров способствует подготовки и реализации модели развития.', 2, 1, '2021-05-03 00:00:00'),
(14, 1, 'Все чаще появляется информация о том, что известный инсайдер, в преддверии важного события, обнадёживает', 'Increasingly,_there_is_information_that_a well-known_insider,_on_the_eve_of_an _important_event,_is_encouraging', 'С другой стороны постоянное информационно-пропагандистское обеспечение нашей деятельности обеспечивает широкому кругу (специалистов) участие в формировании позиций, занимаемых участниками в отношении поставленных задач. Идейные соображения высшего порядка, а также укрепление и развитие структуры играет важную роль в формировании существенных финансовых и административных условий.\r\n. Повседневная практика показывает, что укрепление и развитие структуры обеспечивает широкому кругу (специалистов) участие в формировании дальнейших направлений развития. С другой стороны постоянное информационно-пропагандистское обеспечение нашей деятельности обеспечивает широкому кругу (специалистов) участие в формировании позиций, занимаемых участниками в отношении поставленных задач.\r\nРавным образом постоянный количественный рост и сфера нашей активности играет важную роль в формировании системы обучения кадров, соответствует насущным потребностям. Товарищи! сложившаяся структура организации представляет собой интересный эксперимент проверки направлений прогрессивного развития. Повседневная практика показывает, что реализация намеченных плановых заданий в значительной степени обуславливает создание модели развития. С другой стороны рамки и место обучения кадров способствует подготовки и реализации модели развития.', 2, 1, '2021-05-03 00:00:00'),
(15, 1, 'Все чаще появляется информация о том, что известный инсайдер, в преддверии важного события, обнадёживает', 'Increasingly,_there_is_information_that_a well-known_insider,_on_the_eve_of_an _important_event,_is_encouraging', 'С другой стороны постоянное информационно-пропагандистское обеспечение нашей деятельности обеспечивает широкому кругу (специалистов) участие в формировании позиций, занимаемых участниками в отношении поставленных задач. Идейные соображения высшего порядка, а также укрепление и развитие структуры играет важную роль в формировании существенных финансовых и административных условий.\r\n. Повседневная практика показывает, что укрепление и развитие структуры обеспечивает широкому кругу (специалистов) участие в формировании дальнейших направлений развития. С другой стороны постоянное информационно-пропагандистское обеспечение нашей деятельности обеспечивает широкому кругу (специалистов) участие в формировании позиций, занимаемых участниками в отношении поставленных задач.\r\nРавным образом постоянный количественный рост и сфера нашей активности играет важную роль в формировании системы обучения кадров, соответствует насущным потребностям. Товарищи! сложившаяся структура организации представляет собой интересный эксперимент проверки направлений прогрессивного развития. Повседневная практика показывает, что реализация намеченных плановых заданий в значительной степени обуславливает создание модели развития. С другой стороны рамки и место обучения кадров способствует подготовки и реализации модели развития.', 2, 1, '2021-05-03 00:00:00'),
(16, 1, 'Все чаще появляется информация о том, что известный инсайдер, в преддверии важного события, обнадёживает', 'Increasingly,_there_is_information_that_a well-known_insider,_on_the_eve_of_an _important_event,_is_encouraging', 'С другой стороны постоянное информационно-пропагандистское обеспечение нашей деятельности обеспечивает широкому кругу (специалистов) участие в формировании позиций, занимаемых участниками в отношении поставленных задач. Идейные соображения высшего порядка, а также укрепление и развитие структуры играет важную роль в формировании существенных финансовых и административных условий.\r\n. Повседневная практика показывает, что укрепление и развитие структуры обеспечивает широкому кругу (специалистов) участие в формировании дальнейших направлений развития. С другой стороны постоянное информационно-пропагандистское обеспечение нашей деятельности обеспечивает широкому кругу (специалистов) участие в формировании позиций, занимаемых участниками в отношении поставленных задач.\r\nРавным образом постоянный количественный рост и сфера нашей активности играет важную роль в формировании системы обучения кадров, соответствует насущным потребностям. Товарищи! сложившаяся структура организации представляет собой интересный эксперимент проверки направлений прогрессивного развития. Повседневная практика показывает, что реализация намеченных плановых заданий в значительной степени обуславливает создание модели развития. С другой стороны рамки и место обучения кадров способствует подготовки и реализации модели развития.', 2, 1, '2021-05-03 00:00:00'),
(17, 1, 'Все чаще появляется информация о том, что известный инсайдер, в преддверии важного события, обнадёживает', 'Increasingly,_there_is_information_that_a well-known_insider,_on_the_eve_of_an _important_event,_is_encouraging', 'С другой стороны постоянное информационно-пропагандистское обеспечение нашей деятельности обеспечивает широкому кругу (специалистов) участие в формировании позиций, занимаемых участниками в отношении поставленных задач. Идейные соображения высшего порядка, а также укрепление и развитие структуры играет важную роль в формировании существенных финансовых и административных условий.\r\n. Повседневная практика показывает, что укрепление и развитие структуры обеспечивает широкому кругу (специалистов) участие в формировании дальнейших направлений развития. С другой стороны постоянное информационно-пропагандистское обеспечение нашей деятельности обеспечивает широкому кругу (специалистов) участие в формировании позиций, занимаемых участниками в отношении поставленных задач.\r\nРавным образом постоянный количественный рост и сфера нашей активности играет важную роль в формировании системы обучения кадров, соответствует насущным потребностям. Товарищи! сложившаяся структура организации представляет собой интересный эксперимент проверки направлений прогрессивного развития. Повседневная практика показывает, что реализация намеченных плановых заданий в значительной степени обуславливает создание модели развития. С другой стороны рамки и место обучения кадров способствует подготовки и реализации модели развития.', 1, 2, '2021-05-03 00:00:00'),
(18, 1, 'Все чаще появляется информация о том, что известный инсайдер, в преддверии важного события, обнадёживает', 'Increasingly,_there_is_information_that_a well-known_insider,_on_the_eve_of_an _important_event,_is_encouraging', 'С другой стороны постоянное информационно-пропагандистское обеспечение нашей деятельности обеспечивает широкому кругу (специалистов) участие в формировании позиций, занимаемых участниками в отношении поставленных задач. Идейные соображения высшего порядка, а также укрепление и развитие структуры играет важную роль в формировании существенных финансовых и административных условий.\r\n. Повседневная практика показывает, что укрепление и развитие структуры обеспечивает широкому кругу (специалистов) участие в формировании дальнейших направлений развития. С другой стороны постоянное информационно-пропагандистское обеспечение нашей деятельности обеспечивает широкому кругу (специалистов) участие в формировании позиций, занимаемых участниками в отношении поставленных задач.\r\nРавным образом постоянный количественный рост и сфера нашей активности играет важную роль в формировании системы обучения кадров, соответствует насущным потребностям. Товарищи! сложившаяся структура организации представляет собой интересный эксперимент проверки направлений прогрессивного развития. Повседневная практика показывает, что реализация намеченных плановых заданий в значительной степени обуславливает создание модели развития. С другой стороны рамки и место обучения кадров способствует подготовки и реализации модели развития.', 1, 2, '2021-05-03 00:00:00'),
(19, 1, 'Все чаще появляется информация о том, что известный инсайдер, в преддверии важного события, обнадёживает', 'Increasingly,_there_is_information_that_a well-known_insider,_on_the_eve_of_an _important_event,_is_encouraging', 'С другой стороны постоянное информационно-пропагандистское обеспечение нашей деятельности обеспечивает широкому кругу (специалистов) участие в формировании позиций, занимаемых участниками в отношении поставленных задач. Идейные соображения высшего порядка, а также укрепление и развитие структуры играет важную роль в формировании существенных финансовых и административных условий.\r\n. Повседневная практика показывает, что укрепление и развитие структуры обеспечивает широкому кругу (специалистов) участие в формировании дальнейших направлений развития. С другой стороны постоянное информационно-пропагандистское обеспечение нашей деятельности обеспечивает широкому кругу (специалистов) участие в формировании позиций, занимаемых участниками в отношении поставленных задач.\r\nРавным образом постоянный количественный рост и сфера нашей активности играет важную роль в формировании системы обучения кадров, соответствует насущным потребностям. Товарищи! сложившаяся структура организации представляет собой интересный эксперимент проверки направлений прогрессивного развития. Повседневная практика показывает, что реализация намеченных плановых заданий в значительной степени обуславливает создание модели развития. С другой стороны рамки и место обучения кадров способствует подготовки и реализации модели развития.', 1, 2, '2021-05-03 00:00:00'),
(20, 1, 'Все чаще появляется информация о том, что известный инсайдер, в преддверии важного события, обнадёживает', 'Increasingly,_there_is_information_that_a well-known_insider,_on_the_eve_of_an _important_event,_is_encouraging', 'С другой стороны постоянное информационно-пропагандистское обеспечение нашей деятельности обеспечивает широкому кругу (специалистов) участие в формировании позиций, занимаемых участниками в отношении поставленных задач. Идейные соображения высшего порядка, а также укрепление и развитие структуры играет важную роль в формировании существенных финансовых и административных условий.\r\n. Повседневная практика показывает, что укрепление и развитие структуры обеспечивает широкому кругу (специалистов) участие в формировании дальнейших направлений развития. С другой стороны постоянное информационно-пропагандистское обеспечение нашей деятельности обеспечивает широкому кругу (специалистов) участие в формировании позиций, занимаемых участниками в отношении поставленных задач.\r\nРавным образом постоянный количественный рост и сфера нашей активности играет важную роль в формировании системы обучения кадров, соответствует насущным потребностям. Товарищи! сложившаяся структура организации представляет собой интересный эксперимент проверки направлений прогрессивного развития. Повседневная практика показывает, что реализация намеченных плановых заданий в значительной степени обуславливает создание модели развития. С другой стороны рамки и место обучения кадров способствует подготовки и реализации модели развития.', 1, 2, '2021-05-03 00:00:00'),
(21, 1, 'Все чаще появляется информация о том, что известный инсайдер, в преддверии важного события, обнадёживает', 'Increasingly,_there_is_information_that_a well-known_insider,_on_the_eve_of_an _important_event,_is_encouraging', 'С другой стороны постоянное информационно-пропагандистское обеспечение нашей деятельности обеспечивает широкому кругу (специалистов) участие в формировании позиций, занимаемых участниками в отношении поставленных задач. Идейные соображения высшего порядка, а также укрепление и развитие структуры играет важную роль в формировании существенных финансовых и административных условий.\r\n. Повседневная практика показывает, что укрепление и развитие структуры обеспечивает широкому кругу (специалистов) участие в формировании дальнейших направлений развития. С другой стороны постоянное информационно-пропагандистское обеспечение нашей деятельности обеспечивает широкому кругу (специалистов) участие в формировании позиций, занимаемых участниками в отношении поставленных задач.\r\nРавным образом постоянный количественный рост и сфера нашей активности играет важную роль в формировании системы обучения кадров, соответствует насущным потребностям. Товарищи! сложившаяся структура организации представляет собой интересный эксперимент проверки направлений прогрессивного развития. Повседневная практика показывает, что реализация намеченных плановых заданий в значительной степени обуславливает создание модели развития. С другой стороны рамки и место обучения кадров способствует подготовки и реализации модели развития.', 1, 2, '2021-05-03 00:00:00'),
(22, 1, 'Все чаще появляется информация о том, что известный инсайдер, в преддверии важного события, обнадёживает', 'Increasingly,_there_is_information_that_a well-known_insider,_on_the_eve_of_an _important_event,_is_encouraging', 'С другой стороны постоянное информационно-пропагандистское обеспечение нашей деятельности обеспечивает широкому кругу (специалистов) участие в формировании позиций, занимаемых участниками в отношении поставленных задач. Идейные соображения высшего порядка, а также укрепление и развитие структуры играет важную роль в формировании существенных финансовых и административных условий.\r\n. Повседневная практика показывает, что укрепление и развитие структуры обеспечивает широкому кругу (специалистов) участие в формировании дальнейших направлений развития. С другой стороны постоянное информационно-пропагандистское обеспечение нашей деятельности обеспечивает широкому кругу (специалистов) участие в формировании позиций, занимаемых участниками в отношении поставленных задач.\r\nРавным образом постоянный количественный рост и сфера нашей активности играет важную роль в формировании системы обучения кадров, соответствует насущным потребностям. Товарищи! сложившаяся структура организации представляет собой интересный эксперимент проверки направлений прогрессивного развития. Повседневная практика показывает, что реализация намеченных плановых заданий в значительной степени обуславливает создание модели развития. С другой стороны рамки и место обучения кадров способствует подготовки и реализации модели развития.', 1, 2, '2021-05-03 00:00:00'),
(23, 1, 'Все чаще появляется информация о том, что известный инсайдер, в преддверии важного события, обнадёживает', 'Increasingly,_there_is_information_that_a well-known_insider,_on_the_eve_of_an _important_event,_is_encouraging', 'С другой стороны постоянное информационно-пропагандистское обеспечение нашей деятельности обеспечивает широкому кругу (специалистов) участие в формировании позиций, занимаемых участниками в отношении поставленных задач. Идейные соображения высшего порядка, а также укрепление и развитие структуры играет важную роль в формировании существенных финансовых и административных условий.\r\n. Повседневная практика показывает, что укрепление и развитие структуры обеспечивает широкому кругу (специалистов) участие в формировании дальнейших направлений развития. С другой стороны постоянное информационно-пропагандистское обеспечение нашей деятельности обеспечивает широкому кругу (специалистов) участие в формировании позиций, занимаемых участниками в отношении поставленных задач.\r\nРавным образом постоянный количественный рост и сфера нашей активности играет важную роль в формировании системы обучения кадров, соответствует насущным потребностям. Товарищи! сложившаяся структура организации представляет собой интересный эксперимент проверки направлений прогрессивного развития. Повседневная практика показывает, что реализация намеченных плановых заданий в значительной степени обуславливает создание модели развития. С другой стороны рамки и место обучения кадров способствует подготовки и реализации модели развития.', 1, 2, '2021-05-03 00:00:00'),
(24, 1, 'Все чаще появляется информация о том, что известный инсайдер, в преддверии важного события, обнадёживает', 'Increasingly,_there_is_information_that_a well-known_insider,_on_the_eve_of_an _important_event,_is_encouraging', 'С другой стороны постоянное информационно-пропагандистское обеспечение нашей деятельности обеспечивает широкому кругу (специалистов) участие в формировании позиций, занимаемых участниками в отношении поставленных задач. Идейные соображения высшего порядка, а также укрепление и развитие структуры играет важную роль в формировании существенных финансовых и административных условий.\r\n. Повседневная практика показывает, что укрепление и развитие структуры обеспечивает широкому кругу (специалистов) участие в формировании дальнейших направлений развития. С другой стороны постоянное информационно-пропагандистское обеспечение нашей деятельности обеспечивает широкому кругу (специалистов) участие в формировании позиций, занимаемых участниками в отношении поставленных задач.\r\nРавным образом постоянный количественный рост и сфера нашей активности играет важную роль в формировании системы обучения кадров, соответствует насущным потребностям. Товарищи! сложившаяся структура организации представляет собой интересный эксперимент проверки направлений прогрессивного развития. Повседневная практика показывает, что реализация намеченных плановых заданий в значительной степени обуславливает создание модели развития. С другой стороны рамки и место обучения кадров способствует подготовки и реализации модели развития.', 1, 2, '2021-05-03 00:00:00'),
(25, 1, 'Все чаще появляется информация о том, что известный инсайдер, в преддверии важного события, обнадёживает', 'Increasingly,_there_is_information_that_a well-known_insider,_on_the_eve_of_an _important_event,_is_encouraging', 'С другой стороны постоянное информационно-пропагандистское обеспечение нашей деятельности обеспечивает широкому кругу (специалистов) участие в формировании позиций, занимаемых участниками в отношении поставленных задач. Идейные соображения высшего порядка, а также укрепление и развитие структуры играет важную роль в формировании существенных финансовых и административных условий.\r\n. Повседневная практика показывает, что укрепление и развитие структуры обеспечивает широкому кругу (специалистов) участие в формировании дальнейших направлений развития. С другой стороны постоянное информационно-пропагандистское обеспечение нашей деятельности обеспечивает широкому кругу (специалистов) участие в формировании позиций, занимаемых участниками в отношении поставленных задач.\r\nРавным образом постоянный количественный рост и сфера нашей активности играет важную роль в формировании системы обучения кадров, соответствует насущным потребностям. Товарищи! сложившаяся структура организации представляет собой интересный эксперимент проверки направлений прогрессивного развития. Повседневная практика показывает, что реализация намеченных плановых заданий в значительной степени обуславливает создание модели развития. С другой стороны рамки и место обучения кадров способствует подготовки и реализации модели развития.', 1, 2, '2021-05-03 00:00:00'),
(26, 1, 'Все чаще появляется информация о том, что известный инсайдер, в преддверии важного события, обнадёживает', 'Increasingly,_there_is_information_that_a well-known_insider,_on_the_eve_of_an _important_event,_is_encouraging', 'С другой стороны постоянное информационно-пропагандистское обеспечение нашей деятельности обеспечивает широкому кругу (специалистов) участие в формировании позиций, занимаемых участниками в отношении поставленных задач. Идейные соображения высшего порядка, а также укрепление и развитие структуры играет важную роль в формировании существенных финансовых и административных условий.\r\n. Повседневная практика показывает, что укрепление и развитие структуры обеспечивает широкому кругу (специалистов) участие в формировании дальнейших направлений развития. С другой стороны постоянное информационно-пропагандистское обеспечение нашей деятельности обеспечивает широкому кругу (специалистов) участие в формировании позиций, занимаемых участниками в отношении поставленных задач.\r\nРавным образом постоянный количественный рост и сфера нашей активности играет важную роль в формировании системы обучения кадров, соответствует насущным потребностям. Товарищи! сложившаяся структура организации представляет собой интересный эксперимент проверки направлений прогрессивного развития. Повседневная практика показывает, что реализация намеченных плановых заданий в значительной степени обуславливает создание модели развития. С другой стороны рамки и место обучения кадров способствует подготовки и реализации модели развития.', 1, 2, '2021-05-03 00:00:00'),
(27, 1, 'Все чаще появляется информация о том, что известный инсайдер, в преддверии важного события, обнадёживает', 'Increasingly,_there_is_information_that_a well-known_insider,_on_the_eve_of_an _important_event,_is_encouraging', 'С другой стороны постоянное информационно-пропагандистское обеспечение нашей деятельности обеспечивает широкому кругу (специалистов) участие в формировании позиций, занимаемых участниками в отношении поставленных задач. Идейные соображения высшего порядка, а также укрепление и развитие структуры играет важную роль в формировании существенных финансовых и административных условий.\r\n. Повседневная практика показывает, что укрепление и развитие структуры обеспечивает широкому кругу (специалистов) участие в формировании дальнейших направлений развития. С другой стороны постоянное информационно-пропагандистское обеспечение нашей деятельности обеспечивает широкому кругу (специалистов) участие в формировании позиций, занимаемых участниками в отношении поставленных задач.\r\nРавным образом постоянный количественный рост и сфера нашей активности играет важную роль в формировании системы обучения кадров, соответствует насущным потребностям. Товарищи! сложившаяся структура организации представляет собой интересный эксперимент проверки направлений прогрессивного развития. Повседневная практика показывает, что реализация намеченных плановых заданий в значительной степени обуславливает создание модели развития. С другой стороны рамки и место обучения кадров способствует подготовки и реализации модели развития.', 1, 2, '2021-05-03 00:00:00'),
(28, 1, 'Все чаще появляется информация о том, что известный инсайдер, в преддверии важного события, обнадёживает', 'Increasingly,_there_is_information_that_a well-known_insider,_on_the_eve_of_an _important_event,_is_encouraging', 'С другой стороны постоянное информационно-пропагандистское обеспечение нашей деятельности обеспечивает широкому кругу (специалистов) участие в формировании позиций, занимаемых участниками в отношении поставленных задач. Идейные соображения высшего порядка, а также укрепление и развитие структуры играет важную роль в формировании существенных финансовых и административных условий.\r\n. Повседневная практика показывает, что укрепление и развитие структуры обеспечивает широкому кругу (специалистов) участие в формировании дальнейших направлений развития. С другой стороны постоянное информационно-пропагандистское обеспечение нашей деятельности обеспечивает широкому кругу (специалистов) участие в формировании позиций, занимаемых участниками в отношении поставленных задач.\r\nРавным образом постоянный количественный рост и сфера нашей активности играет важную роль в формировании системы обучения кадров, соответствует насущным потребностям. Товарищи! сложившаяся структура организации представляет собой интересный эксперимент проверки направлений прогрессивного развития. Повседневная практика показывает, что реализация намеченных плановых заданий в значительной степени обуславливает создание модели развития. С другой стороны рамки и место обучения кадров способствует подготовки и реализации модели развития.', 1, 2, '2021-05-03 00:00:00'),
(29, 1, 'Все чаще появляется информация о том, что известный инсайдер, в преддверии важного события, обнадёживает', 'Increasingly,_there_is_information_that_a well-known_insider,_on_the_eve_of_an _important_event,_is_encouraging', 'С другой стороны постоянное информационно-пропагандистское обеспечение нашей деятельности обеспечивает широкому кругу (специалистов) участие в формировании позиций, занимаемых участниками в отношении поставленных задач. Идейные соображения высшего порядка, а также укрепление и развитие структуры играет важную роль в формировании существенных финансовых и административных условий.\r\n. Повседневная практика показывает, что укрепление и развитие структуры обеспечивает широкому кругу (специалистов) участие в формировании дальнейших направлений развития. С другой стороны постоянное информационно-пропагандистское обеспечение нашей деятельности обеспечивает широкому кругу (специалистов) участие в формировании позиций, занимаемых участниками в отношении поставленных задач.\r\nРавным образом постоянный количественный рост и сфера нашей активности играет важную роль в формировании системы обучения кадров, соответствует насущным потребностям. Товарищи! сложившаяся структура организации представляет собой интересный эксперимент проверки направлений прогрессивного развития. Повседневная практика показывает, что реализация намеченных плановых заданий в значительной степени обуславливает создание модели развития. С другой стороны рамки и место обучения кадров способствует подготовки и реализации модели развития.', 1, 2, '2021-05-03 00:00:00'),
(30, 1, 'Все чаще появляется информация о том, что известный инсайдер, в преддверии важного события, обнадёживает', 'Increasingly,_there_is_information_that_a well-known_insider,_on_the_eve_of_an _important_event,_is_encouraging', 'С другой стороны постоянное информационно-пропагандистское обеспечение нашей деятельности обеспечивает широкому кругу (специалистов) участие в формировании позиций, занимаемых участниками в отношении поставленных задач. Идейные соображения высшего порядка, а также укрепление и развитие структуры играет важную роль в формировании существенных финансовых и административных условий.\r\n. Повседневная практика показывает, что укрепление и развитие структуры обеспечивает широкому кругу (специалистов) участие в формировании дальнейших направлений развития. С другой стороны постоянное информационно-пропагандистское обеспечение нашей деятельности обеспечивает широкому кругу (специалистов) участие в формировании позиций, занимаемых участниками в отношении поставленных задач.\r\nРавным образом постоянный количественный рост и сфера нашей активности играет важную роль в формировании системы обучения кадров, соответствует насущным потребностям. Товарищи! сложившаяся структура организации представляет собой интересный эксперимент проверки направлений прогрессивного развития. Повседневная практика показывает, что реализация намеченных плановых заданий в значительной степени обуславливает создание модели развития. С другой стороны рамки и место обучения кадров способствует подготовки и реализации модели развития.', 1, 2, '2021-05-03 00:00:00'),
(31, 1, 'Все чаще появляется информация о том, что известный инсайдер, в преддверии важного события, обнадёживает', 'Increasingly,_there_is_information_that_a well-known_insider,_on_the_eve_of_an _important_event,_is_encouraging', 'С другой стороны постоянное информационно-пропагандистское обеспечение нашей деятельности обеспечивает широкому кругу (специалистов) участие в формировании позиций, занимаемых участниками в отношении поставленных задач. Идейные соображения высшего порядка, а также укрепление и развитие структуры играет важную роль в формировании существенных финансовых и административных условий.\r\n. Повседневная практика показывает, что укрепление и развитие структуры обеспечивает широкому кругу (специалистов) участие в формировании дальнейших направлений развития. С другой стороны постоянное информационно-пропагандистское обеспечение нашей деятельности обеспечивает широкому кругу (специалистов) участие в формировании позиций, занимаемых участниками в отношении поставленных задач.\r\nРавным образом постоянный количественный рост и сфера нашей активности играет важную роль в формировании системы обучения кадров, соответствует насущным потребностям. Товарищи! сложившаяся структура организации представляет собой интересный эксперимент проверки направлений прогрессивного развития. Повседневная практика показывает, что реализация намеченных плановых заданий в значительной степени обуславливает создание модели развития. С другой стороны рамки и место обучения кадров способствует подготовки и реализации модели развития.', 1, 2, '2021-05-03 00:00:00');
INSERT INTO `posts` (`ID`, `ACTIVE`, `TITLE`, `CODE`, `CONTENT`, `CATEGORY_ID`, `AUTHOR_ID`, `DATE`) VALUES
(32, 1, 'Все чаще появляется информация о том, что известный инсайдер, в преддверии важного события, обнадёживает', 'Increasingly,_there_is_information_that_a well-known_insider,_on_the_eve_of_an _important_event,_is_encouraging', 'С другой стороны постоянное информационно-пропагандистское обеспечение нашей деятельности обеспечивает широкому кругу (специалистов) участие в формировании позиций, занимаемых участниками в отношении поставленных задач. Идейные соображения высшего порядка, а также укрепление и развитие структуры играет важную роль в формировании существенных финансовых и административных условий.\r\n. Повседневная практика показывает, что укрепление и развитие структуры обеспечивает широкому кругу (специалистов) участие в формировании дальнейших направлений развития. С другой стороны постоянное информационно-пропагандистское обеспечение нашей деятельности обеспечивает широкому кругу (специалистов) участие в формировании позиций, занимаемых участниками в отношении поставленных задач.\r\nРавным образом постоянный количественный рост и сфера нашей активности играет важную роль в формировании системы обучения кадров, соответствует насущным потребностям. Товарищи! сложившаяся структура организации представляет собой интересный эксперимент проверки направлений прогрессивного развития. Повседневная практика показывает, что реализация намеченных плановых заданий в значительной степени обуславливает создание модели развития. С другой стороны рамки и место обучения кадров способствует подготовки и реализации модели развития.', 3, 1, '2021-05-03 00:00:00'),
(33, 1, 'Все чаще появляется информация о том, что известный инсайдер, в преддверии важного события, обнадёживает', 'Increasingly,_there_is_information_that_a well-known_insider,_on_the_eve_of_an _important_event,_is_encouraging', 'С другой стороны постоянное информационно-пропагандистское обеспечение нашей деятельности обеспечивает широкому кругу (специалистов) участие в формировании позиций, занимаемых участниками в отношении поставленных задач. Идейные соображения высшего порядка, а также укрепление и развитие структуры играет важную роль в формировании существенных финансовых и административных условий.\r\n. Повседневная практика показывает, что укрепление и развитие структуры обеспечивает широкому кругу (специалистов) участие в формировании дальнейших направлений развития. С другой стороны постоянное информационно-пропагандистское обеспечение нашей деятельности обеспечивает широкому кругу (специалистов) участие в формировании позиций, занимаемых участниками в отношении поставленных задач.\r\nРавным образом постоянный количественный рост и сфера нашей активности играет важную роль в формировании системы обучения кадров, соответствует насущным потребностям. Товарищи! сложившаяся структура организации представляет собой интересный эксперимент проверки направлений прогрессивного развития. Повседневная практика показывает, что реализация намеченных плановых заданий в значительной степени обуславливает создание модели развития. С другой стороны рамки и место обучения кадров способствует подготовки и реализации модели развития.', 3, 1, '2021-05-03 00:00:00'),
(34, 1, 'Все чаще появляется информация о том, что известный инсайдер, в преддверии важного события, обнадёживает', 'Increasingly,_there_is_information_that_a well-known_insider,_on_the_eve_of_an _important_event,_is_encouraging', 'С другой стороны постоянное информационно-пропагандистское обеспечение нашей деятельности обеспечивает широкому кругу (специалистов) участие в формировании позиций, занимаемых участниками в отношении поставленных задач. Идейные соображения высшего порядка, а также укрепление и развитие структуры играет важную роль в формировании существенных финансовых и административных условий.\r\n. Повседневная практика показывает, что укрепление и развитие структуры обеспечивает широкому кругу (специалистов) участие в формировании дальнейших направлений развития. С другой стороны постоянное информационно-пропагандистское обеспечение нашей деятельности обеспечивает широкому кругу (специалистов) участие в формировании позиций, занимаемых участниками в отношении поставленных задач.\r\nРавным образом постоянный количественный рост и сфера нашей активности играет важную роль в формировании системы обучения кадров, соответствует насущным потребностям. Товарищи! сложившаяся структура организации представляет собой интересный эксперимент проверки направлений прогрессивного развития. Повседневная практика показывает, что реализация намеченных плановых заданий в значительной степени обуславливает создание модели развития. С другой стороны рамки и место обучения кадров способствует подготовки и реализации модели развития.', 3, 1, '2021-05-03 00:00:00'),
(35, 1, 'Все чаще появляется информация о том, что известный инсайдер, в преддверии важного события, обнадёживает', 'Increasingly,_there_is_information_that_a well-known_insider,_on_the_eve_of_an _important_event,_is_encouraging', 'С другой стороны постоянное информационно-пропагандистское обеспечение нашей деятельности обеспечивает широкому кругу (специалистов) участие в формировании позиций, занимаемых участниками в отношении поставленных задач. Идейные соображения высшего порядка, а также укрепление и развитие структуры играет важную роль в формировании существенных финансовых и административных условий.\r\n. Повседневная практика показывает, что укрепление и развитие структуры обеспечивает широкому кругу (специалистов) участие в формировании дальнейших направлений развития. С другой стороны постоянное информационно-пропагандистское обеспечение нашей деятельности обеспечивает широкому кругу (специалистов) участие в формировании позиций, занимаемых участниками в отношении поставленных задач.\r\nРавным образом постоянный количественный рост и сфера нашей активности играет важную роль в формировании системы обучения кадров, соответствует насущным потребностям. Товарищи! сложившаяся структура организации представляет собой интересный эксперимент проверки направлений прогрессивного развития. Повседневная практика показывает, что реализация намеченных плановых заданий в значительной степени обуславливает создание модели развития. С другой стороны рамки и место обучения кадров способствует подготовки и реализации модели развития.', 3, 1, '2021-05-03 00:00:00'),
(36, 1, 'Все чаще появляется информация о том, что известный инсайдер, в преддверии важного события, обнадёживает', 'Increasingly,_there_is_information_that_a well-known_insider,_on_the_eve_of_an _important_event,_is_encouraging', 'С другой стороны постоянное информационно-пропагандистское обеспечение нашей деятельности обеспечивает широкому кругу (специалистов) участие в формировании позиций, занимаемых участниками в отношении поставленных задач. Идейные соображения высшего порядка, а также укрепление и развитие структуры играет важную роль в формировании существенных финансовых и административных условий.\r\n. Повседневная практика показывает, что укрепление и развитие структуры обеспечивает широкому кругу (специалистов) участие в формировании дальнейших направлений развития. С другой стороны постоянное информационно-пропагандистское обеспечение нашей деятельности обеспечивает широкому кругу (специалистов) участие в формировании позиций, занимаемых участниками в отношении поставленных задач.\r\nРавным образом постоянный количественный рост и сфера нашей активности играет важную роль в формировании системы обучения кадров, соответствует насущным потребностям. Товарищи! сложившаяся структура организации представляет собой интересный эксперимент проверки направлений прогрессивного развития. Повседневная практика показывает, что реализация намеченных плановых заданий в значительной степени обуславливает создание модели развития. С другой стороны рамки и место обучения кадров способствует подготовки и реализации модели развития.', 3, 1, '2021-05-03 00:00:00'),
(37, 1, 'Все чаще появляется информация о том, что известный инсайдер, в преддверии важного события, обнадёживает', 'Increasingly,_there_is_information_that_a well-known_insider,_on_the_eve_of_an _important_event,_is_encouraging', 'С другой стороны постоянное информационно-пропагандистское обеспечение нашей деятельности обеспечивает широкому кругу (специалистов) участие в формировании позиций, занимаемых участниками в отношении поставленных задач. Идейные соображения высшего порядка, а также укрепление и развитие структуры играет важную роль в формировании существенных финансовых и административных условий.\r\n. Повседневная практика показывает, что укрепление и развитие структуры обеспечивает широкому кругу (специалистов) участие в формировании дальнейших направлений развития. С другой стороны постоянное информационно-пропагандистское обеспечение нашей деятельности обеспечивает широкому кругу (специалистов) участие в формировании позиций, занимаемых участниками в отношении поставленных задач.\r\nРавным образом постоянный количественный рост и сфера нашей активности играет важную роль в формировании системы обучения кадров, соответствует насущным потребностям. Товарищи! сложившаяся структура организации представляет собой интересный эксперимент проверки направлений прогрессивного развития. Повседневная практика показывает, что реализация намеченных плановых заданий в значительной степени обуславливает создание модели развития. С другой стороны рамки и место обучения кадров способствует подготовки и реализации модели развития.', 3, 1, '2021-05-03 00:00:00'),
(38, 1, 'Все чаще появляется информация о том, что известный инсайдер, в преддверии важного события, обнадёживает', 'Increasingly,_there_is_information_that_a well-known_insider,_on_the_eve_of_an _important_event,_is_encouraging', 'С другой стороны постоянное информационно-пропагандистское обеспечение нашей деятельности обеспечивает широкому кругу (специалистов) участие в формировании позиций, занимаемых участниками в отношении поставленных задач. Идейные соображения высшего порядка, а также укрепление и развитие структуры играет важную роль в формировании существенных финансовых и административных условий.\r\n. Повседневная практика показывает, что укрепление и развитие структуры обеспечивает широкому кругу (специалистов) участие в формировании дальнейших направлений развития. С другой стороны постоянное информационно-пропагандистское обеспечение нашей деятельности обеспечивает широкому кругу (специалистов) участие в формировании позиций, занимаемых участниками в отношении поставленных задач.\r\nРавным образом постоянный количественный рост и сфера нашей активности играет важную роль в формировании системы обучения кадров, соответствует насущным потребностям. Товарищи! сложившаяся структура организации представляет собой интересный эксперимент проверки направлений прогрессивного развития. Повседневная практика показывает, что реализация намеченных плановых заданий в значительной степени обуславливает создание модели развития. С другой стороны рамки и место обучения кадров способствует подготовки и реализации модели развития.', 3, 1, '2021-05-03 00:00:00'),
(39, 1, 'Все чаще появляется информация о том, что известный инсайдер, в преддверии важного события, обнадёживает', 'Increasingly,_there_is_information_that_a well-known_insider,_on_the_eve_of_an _important_event,_is_encouraging', 'С другой стороны постоянное информационно-пропагандистское обеспечение нашей деятельности обеспечивает широкому кругу (специалистов) участие в формировании позиций, занимаемых участниками в отношении поставленных задач. Идейные соображения высшего порядка, а также укрепление и развитие структуры играет важную роль в формировании существенных финансовых и административных условий.\r\n. Повседневная практика показывает, что укрепление и развитие структуры обеспечивает широкому кругу (специалистов) участие в формировании дальнейших направлений развития. С другой стороны постоянное информационно-пропагандистское обеспечение нашей деятельности обеспечивает широкому кругу (специалистов) участие в формировании позиций, занимаемых участниками в отношении поставленных задач.\r\nРавным образом постоянный количественный рост и сфера нашей активности играет важную роль в формировании системы обучения кадров, соответствует насущным потребностям. Товарищи! сложившаяся структура организации представляет собой интересный эксперимент проверки направлений прогрессивного развития. Повседневная практика показывает, что реализация намеченных плановых заданий в значительной степени обуславливает создание модели развития. С другой стороны рамки и место обучения кадров способствует подготовки и реализации модели развития.', 3, 1, '2021-05-03 00:00:00'),
(40, 1, 'Все чаще появляется информация о том, что известный инсайдер, в преддверии важного события, обнадёживает', 'Increasingly,_there_is_information_that_a well-known_insider,_on_the_eve_of_an _important_event,_is_encouraging', 'С другой стороны постоянное информационно-пропагандистское обеспечение нашей деятельности обеспечивает широкому кругу (специалистов) участие в формировании позиций, занимаемых участниками в отношении поставленных задач. Идейные соображения высшего порядка, а также укрепление и развитие структуры играет важную роль в формировании существенных финансовых и административных условий.\r\n. Повседневная практика показывает, что укрепление и развитие структуры обеспечивает широкому кругу (специалистов) участие в формировании дальнейших направлений развития. С другой стороны постоянное информационно-пропагандистское обеспечение нашей деятельности обеспечивает широкому кругу (специалистов) участие в формировании позиций, занимаемых участниками в отношении поставленных задач.\r\nРавным образом постоянный количественный рост и сфера нашей активности играет важную роль в формировании системы обучения кадров, соответствует насущным потребностям. Товарищи! сложившаяся структура организации представляет собой интересный эксперимент проверки направлений прогрессивного развития. Повседневная практика показывает, что реализация намеченных плановых заданий в значительной степени обуславливает создание модели развития. С другой стороны рамки и место обучения кадров способствует подготовки и реализации модели развития.', 3, 1, '2021-05-03 00:00:00'),
(41, 1, 'Все чаще появляется информация о том, что известный инсайдер, в преддверии важного события, обнадёживает', 'Increasingly,_there_is_information_that_a well-known_insider,_on_the_eve_of_an _important_event,_is_encouraging', 'С другой стороны постоянное информационно-пропагандистское обеспечение нашей деятельности обеспечивает широкому кругу (специалистов) участие в формировании позиций, занимаемых участниками в отношении поставленных задач. Идейные соображения высшего порядка, а также укрепление и развитие структуры играет важную роль в формировании существенных финансовых и административных условий.\r\n. Повседневная практика показывает, что укрепление и развитие структуры обеспечивает широкому кругу (специалистов) участие в формировании дальнейших направлений развития. С другой стороны постоянное информационно-пропагандистское обеспечение нашей деятельности обеспечивает широкому кругу (специалистов) участие в формировании позиций, занимаемых участниками в отношении поставленных задач.\r\nРавным образом постоянный количественный рост и сфера нашей активности играет важную роль в формировании системы обучения кадров, соответствует насущным потребностям. Товарищи! сложившаяся структура организации представляет собой интересный эксперимент проверки направлений прогрессивного развития. Повседневная практика показывает, что реализация намеченных плановых заданий в значительной степени обуславливает создание модели развития. С другой стороны рамки и место обучения кадров способствует подготовки и реализации модели развития.', 3, 1, '2021-05-03 00:00:00'),
(42, 1, 'Все чаще появляется информация о том, что известный инсайдер, в преддверии важного события, обнадёживает', 'Increasingly,_there_is_information_that_a well-known_insider,_on_the_eve_of_an _important_event,_is_encouraging', 'С другой стороны постоянное информационно-пропагандистское обеспечение нашей деятельности обеспечивает широкому кругу (специалистов) участие в формировании позиций, занимаемых участниками в отношении поставленных задач. Идейные соображения высшего порядка, а также укрепление и развитие структуры играет важную роль в формировании существенных финансовых и административных условий.\r\n. Повседневная практика показывает, что укрепление и развитие структуры обеспечивает широкому кругу (специалистов) участие в формировании дальнейших направлений развития. С другой стороны постоянное информационно-пропагандистское обеспечение нашей деятельности обеспечивает широкому кругу (специалистов) участие в формировании позиций, занимаемых участниками в отношении поставленных задач.\r\nРавным образом постоянный количественный рост и сфера нашей активности играет важную роль в формировании системы обучения кадров, соответствует насущным потребностям. Товарищи! сложившаяся структура организации представляет собой интересный эксперимент проверки направлений прогрессивного развития. Повседневная практика показывает, что реализация намеченных плановых заданий в значительной степени обуславливает создание модели развития. С другой стороны рамки и место обучения кадров способствует подготовки и реализации модели развития.', 3, 1, '2021-05-03 00:00:00'),
(43, 1, 'Все чаще появляется информация о том, что известный инсайдер, в преддверии важного события, обнадёживает', 'Increasingly,_there_is_information_that_a well-known_insider,_on_the_eve_of_an _important_event,_is_encouraging', 'С другой стороны постоянное информационно-пропагандистское обеспечение нашей деятельности обеспечивает широкому кругу (специалистов) участие в формировании позиций, занимаемых участниками в отношении поставленных задач. Идейные соображения высшего порядка, а также укрепление и развитие структуры играет важную роль в формировании существенных финансовых и административных условий.\r\n. Повседневная практика показывает, что укрепление и развитие структуры обеспечивает широкому кругу (специалистов) участие в формировании дальнейших направлений развития. С другой стороны постоянное информационно-пропагандистское обеспечение нашей деятельности обеспечивает широкому кругу (специалистов) участие в формировании позиций, занимаемых участниками в отношении поставленных задач.\r\nРавным образом постоянный количественный рост и сфера нашей активности играет важную роль в формировании системы обучения кадров, соответствует насущным потребностям. Товарищи! сложившаяся структура организации представляет собой интересный эксперимент проверки направлений прогрессивного развития. Повседневная практика показывает, что реализация намеченных плановых заданий в значительной степени обуславливает создание модели развития. С другой стороны рамки и место обучения кадров способствует подготовки и реализации модели развития.', 3, 1, '2021-05-03 00:00:00'),
(44, 1, 'Все чаще появляется информация о том, что известный инсайдер, в преддверии важного события, обнадёживает', 'Increasingly,_there_is_information_that_a well-known_insider,_on_the_eve_of_an _important_event,_is_encouraging', 'С другой стороны постоянное информационно-пропагандистское обеспечение нашей деятельности обеспечивает широкому кругу (специалистов) участие в формировании позиций, занимаемых участниками в отношении поставленных задач. Идейные соображения высшего порядка, а также укрепление и развитие структуры играет важную роль в формировании существенных финансовых и административных условий.\r\n. Повседневная практика показывает, что укрепление и развитие структуры обеспечивает широкому кругу (специалистов) участие в формировании дальнейших направлений развития. С другой стороны постоянное информационно-пропагандистское обеспечение нашей деятельности обеспечивает широкому кругу (специалистов) участие в формировании позиций, занимаемых участниками в отношении поставленных задач.\r\nРавным образом постоянный количественный рост и сфера нашей активности играет важную роль в формировании системы обучения кадров, соответствует насущным потребностям. Товарищи! сложившаяся структура организации представляет собой интересный эксперимент проверки направлений прогрессивного развития. Повседневная практика показывает, что реализация намеченных плановых заданий в значительной степени обуславливает создание модели развития. С другой стороны рамки и место обучения кадров способствует подготовки и реализации модели развития.', 3, 1, '2021-05-03 00:00:00'),
(45, 1, 'Все чаще появляется информация о том, что известный инсайдер, в преддверии важного события, обнадёживает', 'Increasingly,_there_is_information_that_a well-known_insider,_on_the_eve_of_an _important_event,_is_encouraging', 'С другой стороны постоянное информационно-пропагандистское обеспечение нашей деятельности обеспечивает широкому кругу (специалистов) участие в формировании позиций, занимаемых участниками в отношении поставленных задач. Идейные соображения высшего порядка, а также укрепление и развитие структуры играет важную роль в формировании существенных финансовых и административных условий.\r\n. Повседневная практика показывает, что укрепление и развитие структуры обеспечивает широкому кругу (специалистов) участие в формировании дальнейших направлений развития. С другой стороны постоянное информационно-пропагандистское обеспечение нашей деятельности обеспечивает широкому кругу (специалистов) участие в формировании позиций, занимаемых участниками в отношении поставленных задач.\r\nРавным образом постоянный количественный рост и сфера нашей активности играет важную роль в формировании системы обучения кадров, соответствует насущным потребностям. Товарищи! сложившаяся структура организации представляет собой интересный эксперимент проверки направлений прогрессивного развития. Повседневная практика показывает, что реализация намеченных плановых заданий в значительной степени обуславливает создание модели развития. С другой стороны рамки и место обучения кадров способствует подготовки и реализации модели развития.', 3, 1, '2021-05-03 00:00:00'),
(46, 1, 'Все чаще появляется информация о том, что известный инсайдер, в преддверии важного события, обнадёживает', 'Increasingly,_there_is_information_that_a well-known_insider,_on_the_eve_of_an _important_event,_is_encouraging', 'С другой стороны постоянное информационно-пропагандистское обеспечение нашей деятельности обеспечивает широкому кругу (специалистов) участие в формировании позиций, занимаемых участниками в отношении поставленных задач. Идейные соображения высшего порядка, а также укрепление и развитие структуры играет важную роль в формировании существенных финансовых и административных условий.\r\n. Повседневная практика показывает, что укрепление и развитие структуры обеспечивает широкому кругу (специалистов) участие в формировании дальнейших направлений развития. С другой стороны постоянное информационно-пропагандистское обеспечение нашей деятельности обеспечивает широкому кругу (специалистов) участие в формировании позиций, занимаемых участниками в отношении поставленных задач.\r\nРавным образом постоянный количественный рост и сфера нашей активности играет важную роль в формировании системы обучения кадров, соответствует насущным потребностям. Товарищи! сложившаяся структура организации представляет собой интересный эксперимент проверки направлений прогрессивного развития. Повседневная практика показывает, что реализация намеченных плановых заданий в значительной степени обуславливает создание модели развития. С другой стороны рамки и место обучения кадров способствует подготовки и реализации модели развития.', 3, 1, '2021-05-03 00:00:00'),
(47, 1, 'Все чаще появляется информация о том, что известный инсайдер, в преддверии важного события, обнадёживает', 'Increasingly,_there_is_information_that_a well-known_insider,_on_the_eve_of_an _important_event,_is_encouraging', 'С другой стороны постоянное информационно-пропагандистское обеспечение нашей деятельности обеспечивает широкому кругу (специалистов) участие в формировании позиций, занимаемых участниками в отношении поставленных задач. Идейные соображения высшего порядка, а также укрепление и развитие структуры играет важную роль в формировании существенных финансовых и административных условий.\r\n. Повседневная практика показывает, что укрепление и развитие структуры обеспечивает широкому кругу (специалистов) участие в формировании дальнейших направлений развития. С другой стороны постоянное информационно-пропагандистское обеспечение нашей деятельности обеспечивает широкому кругу (специалистов) участие в формировании позиций, занимаемых участниками в отношении поставленных задач.\r\nРавным образом постоянный количественный рост и сфера нашей активности играет важную роль в формировании системы обучения кадров, соответствует насущным потребностям. Товарищи! сложившаяся структура организации представляет собой интересный эксперимент проверки направлений прогрессивного развития. Повседневная практика показывает, что реализация намеченных плановых заданий в значительной степени обуславливает создание модели развития. С другой стороны рамки и место обучения кадров способствует подготовки и реализации модели развития.', 4, 2, '2021-05-03 00:00:00'),
(48, 1, 'Все чаще появляется информация о том, что известный инсайдер, в преддверии важного события, обнадёживает', 'Increasingly,_there_is_information_that_a well-known_insider,_on_the_eve_of_an _important_event,_is_encouraging', 'С другой стороны постоянное информационно-пропагандистское обеспечение нашей деятельности обеспечивает широкому кругу (специалистов) участие в формировании позиций, занимаемых участниками в отношении поставленных задач. Идейные соображения высшего порядка, а также укрепление и развитие структуры играет важную роль в формировании существенных финансовых и административных условий.\r\n. Повседневная практика показывает, что укрепление и развитие структуры обеспечивает широкому кругу (специалистов) участие в формировании дальнейших направлений развития. С другой стороны постоянное информационно-пропагандистское обеспечение нашей деятельности обеспечивает широкому кругу (специалистов) участие в формировании позиций, занимаемых участниками в отношении поставленных задач.\r\nРавным образом постоянный количественный рост и сфера нашей активности играет важную роль в формировании системы обучения кадров, соответствует насущным потребностям. Товарищи! сложившаяся структура организации представляет собой интересный эксперимент проверки направлений прогрессивного развития. Повседневная практика показывает, что реализация намеченных плановых заданий в значительной степени обуславливает создание модели развития. С другой стороны рамки и место обучения кадров способствует подготовки и реализации модели развития.', 4, 2, '2021-05-03 00:00:00'),
(49, 1, 'Все чаще появляется информация о том, что известный инсайдер, в преддверии важного события, обнадёживает', 'Increasingly,_there_is_information_that_a well-known_insider,_on_the_eve_of_an _important_event,_is_encouraging', 'С другой стороны постоянное информационно-пропагандистское обеспечение нашей деятельности обеспечивает широкому кругу (специалистов) участие в формировании позиций, занимаемых участниками в отношении поставленных задач. Идейные соображения высшего порядка, а также укрепление и развитие структуры играет важную роль в формировании существенных финансовых и административных условий.\r\n. Повседневная практика показывает, что укрепление и развитие структуры обеспечивает широкому кругу (специалистов) участие в формировании дальнейших направлений развития. С другой стороны постоянное информационно-пропагандистское обеспечение нашей деятельности обеспечивает широкому кругу (специалистов) участие в формировании позиций, занимаемых участниками в отношении поставленных задач.\r\nРавным образом постоянный количественный рост и сфера нашей активности играет важную роль в формировании системы обучения кадров, соответствует насущным потребностям. Товарищи! сложившаяся структура организации представляет собой интересный эксперимент проверки направлений прогрессивного развития. Повседневная практика показывает, что реализация намеченных плановых заданий в значительной степени обуславливает создание модели развития. С другой стороны рамки и место обучения кадров способствует подготовки и реализации модели развития.', 4, 2, '2021-05-03 00:00:00'),
(50, 1, 'Все чаще появляется информация о том, что известный инсайдер, в преддверии важного события, обнадёживает', 'Increasingly,_there_is_information_that_a well-known_insider,_on_the_eve_of_an _important_event,_is_encouraging', 'С другой стороны постоянное информационно-пропагандистское обеспечение нашей деятельности обеспечивает широкому кругу (специалистов) участие в формировании позиций, занимаемых участниками в отношении поставленных задач. Идейные соображения высшего порядка, а также укрепление и развитие структуры играет важную роль в формировании существенных финансовых и административных условий.\r\n. Повседневная практика показывает, что укрепление и развитие структуры обеспечивает широкому кругу (специалистов) участие в формировании дальнейших направлений развития. С другой стороны постоянное информационно-пропагандистское обеспечение нашей деятельности обеспечивает широкому кругу (специалистов) участие в формировании позиций, занимаемых участниками в отношении поставленных задач.\r\nРавным образом постоянный количественный рост и сфера нашей активности играет важную роль в формировании системы обучения кадров, соответствует насущным потребностям. Товарищи! сложившаяся структура организации представляет собой интересный эксперимент проверки направлений прогрессивного развития. Повседневная практика показывает, что реализация намеченных плановых заданий в значительной степени обуславливает создание модели развития. С другой стороны рамки и место обучения кадров способствует подготовки и реализации модели развития.', 4, 2, '2021-05-03 00:00:00'),
(51, 1, 'Все чаще появляется информация о том, что известный инсайдер, в преддверии важного события, обнадёживает', 'Increasingly,_there_is_information_that_a well-known_insider,_on_the_eve_of_an _important_event,_is_encouraging', 'С другой стороны постоянное информационно-пропагандистское обеспечение нашей деятельности обеспечивает широкому кругу (специалистов) участие в формировании позиций, занимаемых участниками в отношении поставленных задач. Идейные соображения высшего порядка, а также укрепление и развитие структуры играет важную роль в формировании существенных финансовых и административных условий.\r\n. Повседневная практика показывает, что укрепление и развитие структуры обеспечивает широкому кругу (специалистов) участие в формировании дальнейших направлений развития. С другой стороны постоянное информационно-пропагандистское обеспечение нашей деятельности обеспечивает широкому кругу (специалистов) участие в формировании позиций, занимаемых участниками в отношении поставленных задач.\r\nРавным образом постоянный количественный рост и сфера нашей активности играет важную роль в формировании системы обучения кадров, соответствует насущным потребностям. Товарищи! сложившаяся структура организации представляет собой интересный эксперимент проверки направлений прогрессивного развития. Повседневная практика показывает, что реализация намеченных плановых заданий в значительной степени обуславливает создание модели развития. С другой стороны рамки и место обучения кадров способствует подготовки и реализации модели развития.', 4, 2, '2021-05-03 00:00:00'),
(52, 1, 'Все чаще появляется информация о том, что известный инсайдер, в преддверии важного события, обнадёживает', 'Increasingly,_there_is_information_that_a well-known_insider,_on_the_eve_of_an _important_event,_is_encouraging', 'С другой стороны постоянное информационно-пропагандистское обеспечение нашей деятельности обеспечивает широкому кругу (специалистов) участие в формировании позиций, занимаемых участниками в отношении поставленных задач. Идейные соображения высшего порядка, а также укрепление и развитие структуры играет важную роль в формировании существенных финансовых и административных условий.\r\n. Повседневная практика показывает, что укрепление и развитие структуры обеспечивает широкому кругу (специалистов) участие в формировании дальнейших направлений развития. С другой стороны постоянное информационно-пропагандистское обеспечение нашей деятельности обеспечивает широкому кругу (специалистов) участие в формировании позиций, занимаемых участниками в отношении поставленных задач.\r\nРавным образом постоянный количественный рост и сфера нашей активности играет важную роль в формировании системы обучения кадров, соответствует насущным потребностям. Товарищи! сложившаяся структура организации представляет собой интересный эксперимент проверки направлений прогрессивного развития. Повседневная практика показывает, что реализация намеченных плановых заданий в значительной степени обуславливает создание модели развития. С другой стороны рамки и место обучения кадров способствует подготовки и реализации модели развития.', 4, 2, '2021-05-03 00:00:00'),
(53, 1, 'Все чаще появляется информация о том, что известный инсайдер, в преддверии важного события, обнадёживает', 'Increasingly,_there_is_information_that_a well-known_insider,_on_the_eve_of_an _important_event,_is_encouraging', 'С другой стороны постоянное информационно-пропагандистское обеспечение нашей деятельности обеспечивает широкому кругу (специалистов) участие в формировании позиций, занимаемых участниками в отношении поставленных задач. Идейные соображения высшего порядка, а также укрепление и развитие структуры играет важную роль в формировании существенных финансовых и административных условий.\r\n. Повседневная практика показывает, что укрепление и развитие структуры обеспечивает широкому кругу (специалистов) участие в формировании дальнейших направлений развития. С другой стороны постоянное информационно-пропагандистское обеспечение нашей деятельности обеспечивает широкому кругу (специалистов) участие в формировании позиций, занимаемых участниками в отношении поставленных задач.\r\nРавным образом постоянный количественный рост и сфера нашей активности играет важную роль в формировании системы обучения кадров, соответствует насущным потребностям. Товарищи! сложившаяся структура организации представляет собой интересный эксперимент проверки направлений прогрессивного развития. Повседневная практика показывает, что реализация намеченных плановых заданий в значительной степени обуславливает создание модели развития. С другой стороны рамки и место обучения кадров способствует подготовки и реализации модели развития.', 4, 2, '2021-05-03 00:00:00'),
(54, 1, 'Все чаще появляется информация о том, что известный инсайдер, в преддверии важного события, обнадёживает', 'Increasingly,_there_is_information_that_a well-known_insider,_on_the_eve_of_an _important_event,_is_encouraging', 'С другой стороны постоянное информационно-пропагандистское обеспечение нашей деятельности обеспечивает широкому кругу (специалистов) участие в формировании позиций, занимаемых участниками в отношении поставленных задач. Идейные соображения высшего порядка, а также укрепление и развитие структуры играет важную роль в формировании существенных финансовых и административных условий.\r\n. Повседневная практика показывает, что укрепление и развитие структуры обеспечивает широкому кругу (специалистов) участие в формировании дальнейших направлений развития. С другой стороны постоянное информационно-пропагандистское обеспечение нашей деятельности обеспечивает широкому кругу (специалистов) участие в формировании позиций, занимаемых участниками в отношении поставленных задач.\r\nРавным образом постоянный количественный рост и сфера нашей активности играет важную роль в формировании системы обучения кадров, соответствует насущным потребностям. Товарищи! сложившаяся структура организации представляет собой интересный эксперимент проверки направлений прогрессивного развития. Повседневная практика показывает, что реализация намеченных плановых заданий в значительной степени обуславливает создание модели развития. С другой стороны рамки и место обучения кадров способствует подготовки и реализации модели развития.', 4, 2, '2021-05-03 00:00:00'),
(55, 1, 'Все чаще появляется информация о том, что известный инсайдер, в преддверии важного события, обнадёживает', 'Increasingly,_there_is_information_that_a well-known_insider,_on_the_eve_of_an _important_event,_is_encouraging', 'С другой стороны постоянное информационно-пропагандистское обеспечение нашей деятельности обеспечивает широкому кругу (специалистов) участие в формировании позиций, занимаемых участниками в отношении поставленных задач. Идейные соображения высшего порядка, а также укрепление и развитие структуры играет важную роль в формировании существенных финансовых и административных условий.\r\n. Повседневная практика показывает, что укрепление и развитие структуры обеспечивает широкому кругу (специалистов) участие в формировании дальнейших направлений развития. С другой стороны постоянное информационно-пропагандистское обеспечение нашей деятельности обеспечивает широкому кругу (специалистов) участие в формировании позиций, занимаемых участниками в отношении поставленных задач.\r\nРавным образом постоянный количественный рост и сфера нашей активности играет важную роль в формировании системы обучения кадров, соответствует насущным потребностям. Товарищи! сложившаяся структура организации представляет собой интересный эксперимент проверки направлений прогрессивного развития. Повседневная практика показывает, что реализация намеченных плановых заданий в значительной степени обуславливает создание модели развития. С другой стороны рамки и место обучения кадров способствует подготовки и реализации модели развития.', 4, 2, '2021-05-03 00:00:00'),
(56, 1, 'Все чаще появляется информация о том, что известный инсайдер, в преддверии важного события, обнадёживает', 'Increasingly,_there_is_information_that_a well-known_insider,_on_the_eve_of_an _important_event,_is_encouraging', 'С другой стороны постоянное информационно-пропагандистское обеспечение нашей деятельности обеспечивает широкому кругу (специалистов) участие в формировании позиций, занимаемых участниками в отношении поставленных задач. Идейные соображения высшего порядка, а также укрепление и развитие структуры играет важную роль в формировании существенных финансовых и административных условий.\r\n. Повседневная практика показывает, что укрепление и развитие структуры обеспечивает широкому кругу (специалистов) участие в формировании дальнейших направлений развития. С другой стороны постоянное информационно-пропагандистское обеспечение нашей деятельности обеспечивает широкому кругу (специалистов) участие в формировании позиций, занимаемых участниками в отношении поставленных задач.\r\nРавным образом постоянный количественный рост и сфера нашей активности играет важную роль в формировании системы обучения кадров, соответствует насущным потребностям. Товарищи! сложившаяся структура организации представляет собой интересный эксперимент проверки направлений прогрессивного развития. Повседневная практика показывает, что реализация намеченных плановых заданий в значительной степени обуславливает создание модели развития. С другой стороны рамки и место обучения кадров способствует подготовки и реализации модели развития.', 4, 2, '2021-05-03 00:00:00'),
(57, 1, 'Все чаще появляется информация о том, что известный инсайдер, в преддверии важного события, обнадёживает', 'Increasingly,_there_is_information_that_a well-known_insider,_on_the_eve_of_an _important_event,_is_encouraging', 'С другой стороны постоянное информационно-пропагандистское обеспечение нашей деятельности обеспечивает широкому кругу (специалистов) участие в формировании позиций, занимаемых участниками в отношении поставленных задач. Идейные соображения высшего порядка, а также укрепление и развитие структуры играет важную роль в формировании существенных финансовых и административных условий.\r\n. Повседневная практика показывает, что укрепление и развитие структуры обеспечивает широкому кругу (специалистов) участие в формировании дальнейших направлений развития. С другой стороны постоянное информационно-пропагандистское обеспечение нашей деятельности обеспечивает широкому кругу (специалистов) участие в формировании позиций, занимаемых участниками в отношении поставленных задач.\r\nРавным образом постоянный количественный рост и сфера нашей активности играет важную роль в формировании системы обучения кадров, соответствует насущным потребностям. Товарищи! сложившаяся структура организации представляет собой интересный эксперимент проверки направлений прогрессивного развития. Повседневная практика показывает, что реализация намеченных плановых заданий в значительной степени обуславливает создание модели развития. С другой стороны рамки и место обучения кадров способствует подготовки и реализации модели развития.', 4, 2, '2021-05-03 00:00:00'),
(58, 1, 'Все чаще появляется информация о том, что известный инсайдер, в преддверии важного события, обнадёживает', 'Increasingly,_there_is_information_that_a well-known_insider,_on_the_eve_of_an _important_event,_is_encouraging', 'С другой стороны постоянное информационно-пропагандистское обеспечение нашей деятельности обеспечивает широкому кругу (специалистов) участие в формировании позиций, занимаемых участниками в отношении поставленных задач. Идейные соображения высшего порядка, а также укрепление и развитие структуры играет важную роль в формировании существенных финансовых и административных условий.\r\n. Повседневная практика показывает, что укрепление и развитие структуры обеспечивает широкому кругу (специалистов) участие в формировании дальнейших направлений развития. С другой стороны постоянное информационно-пропагандистское обеспечение нашей деятельности обеспечивает широкому кругу (специалистов) участие в формировании позиций, занимаемых участниками в отношении поставленных задач.\r\nРавным образом постоянный количественный рост и сфера нашей активности играет важную роль в формировании системы обучения кадров, соответствует насущным потребностям. Товарищи! сложившаяся структура организации представляет собой интересный эксперимент проверки направлений прогрессивного развития. Повседневная практика показывает, что реализация намеченных плановых заданий в значительной степени обуславливает создание модели развития. С другой стороны рамки и место обучения кадров способствует подготовки и реализации модели развития.', 4, 2, '2021-05-03 00:00:00'),
(59, 1, 'Все чаще появляется информация о том, что известный инсайдер, в преддверии важного события, обнадёживает', 'Increasingly,_there_is_information_that_a well-known_insider,_on_the_eve_of_an _important_event,_is_encouraging', 'С другой стороны постоянное информационно-пропагандистское обеспечение нашей деятельности обеспечивает широкому кругу (специалистов) участие в формировании позиций, занимаемых участниками в отношении поставленных задач. Идейные соображения высшего порядка, а также укрепление и развитие структуры играет важную роль в формировании существенных финансовых и административных условий.\r\n. Повседневная практика показывает, что укрепление и развитие структуры обеспечивает широкому кругу (специалистов) участие в формировании дальнейших направлений развития. С другой стороны постоянное информационно-пропагандистское обеспечение нашей деятельности обеспечивает широкому кругу (специалистов) участие в формировании позиций, занимаемых участниками в отношении поставленных задач.\r\nРавным образом постоянный количественный рост и сфера нашей активности играет важную роль в формировании системы обучения кадров, соответствует насущным потребностям. Товарищи! сложившаяся структура организации представляет собой интересный эксперимент проверки направлений прогрессивного развития. Повседневная практика показывает, что реализация намеченных плановых заданий в значительной степени обуславливает создание модели развития. С другой стороны рамки и место обучения кадров способствует подготовки и реализации модели развития.', 4, 2, '2021-05-03 00:00:00'),
(60, 1, 'Все чаще появляется информация о том, что известный инсайдер, в преддверии важного события, обнадёживает', 'Increasingly,_there_is_information_that_a well-known_insider,_on_the_eve_of_an _important_event,_is_encouraging', 'С другой стороны постоянное информационно-пропагандистское обеспечение нашей деятельности обеспечивает широкому кругу (специалистов) участие в формировании позиций, занимаемых участниками в отношении поставленных задач. Идейные соображения высшего порядка, а также укрепление и развитие структуры играет важную роль в формировании существенных финансовых и административных условий.\r\n. Повседневная практика показывает, что укрепление и развитие структуры обеспечивает широкому кругу (специалистов) участие в формировании дальнейших направлений развития. С другой стороны постоянное информационно-пропагандистское обеспечение нашей деятельности обеспечивает широкому кругу (специалистов) участие в формировании позиций, занимаемых участниками в отношении поставленных задач.\r\nРавным образом постоянный количественный рост и сфера нашей активности играет важную роль в формировании системы обучения кадров, соответствует насущным потребностям. Товарищи! сложившаяся структура организации представляет собой интересный эксперимент проверки направлений прогрессивного развития. Повседневная практика показывает, что реализация намеченных плановых заданий в значительной степени обуславливает создание модели развития. С другой стороны рамки и место обучения кадров способствует подготовки и реализации модели развития.', 4, 2, '2021-05-03 00:00:00'),
(61, 1, 'Все чаще появляется информация о том, что известный инсайдер, в преддверии важного события, обнадёживает', 'Increasingly,_there_is_information_that_a well-known_insider,_on_the_eve_of_an _important_event,_is_encouraging', 'С другой стороны постоянное информационно-пропагандистское обеспечение нашей деятельности обеспечивает широкому кругу (специалистов) участие в формировании позиций, занимаемых участниками в отношении поставленных задач. Идейные соображения высшего порядка, а также укрепление и развитие структуры играет важную роль в формировании существенных финансовых и административных условий.\r\n. Повседневная практика показывает, что укрепление и развитие структуры обеспечивает широкому кругу (специалистов) участие в формировании дальнейших направлений развития. С другой стороны постоянное информационно-пропагандистское обеспечение нашей деятельности обеспечивает широкому кругу (специалистов) участие в формировании позиций, занимаемых участниками в отношении поставленных задач.\r\nРавным образом постоянный количественный рост и сфера нашей активности играет важную роль в формировании системы обучения кадров, соответствует насущным потребностям. Товарищи! сложившаяся структура организации представляет собой интересный эксперимент проверки направлений прогрессивного развития. Повседневная практика показывает, что реализация намеченных плановых заданий в значительной степени обуславливает создание модели развития. С другой стороны рамки и место обучения кадров способствует подготовки и реализации модели развития.', 4, 2, '2021-05-03 00:00:00'),
(62, 1, 'Все чаще появляется информация о том, что известный инсайдер, в преддверии важного события, обнадёживает', 'Increasingly,_there_is_information_that_a well-known_insider,_on_the_eve_of_an _important_event,_is_encouraging', 'С другой стороны постоянное информационно-пропагандистское обеспечение нашей деятельности обеспечивает широкому кругу (специалистов) участие в формировании позиций, занимаемых участниками в отношении поставленных задач. Идейные соображения высшего порядка, а также укрепление и развитие структуры играет важную роль в формировании существенных финансовых и административных условий.\r\n. Повседневная практика показывает, что укрепление и развитие структуры обеспечивает широкому кругу (специалистов) участие в формировании дальнейших направлений развития. С другой стороны постоянное информационно-пропагандистское обеспечение нашей деятельности обеспечивает широкому кругу (специалистов) участие в формировании позиций, занимаемых участниками в отношении поставленных задач.\r\nРавным образом постоянный количественный рост и сфера нашей активности играет важную роль в формировании системы обучения кадров, соответствует насущным потребностям. Товарищи! сложившаяся структура организации представляет собой интересный эксперимент проверки направлений прогрессивного развития. Повседневная практика показывает, что реализация намеченных плановых заданий в значительной степени обуславливает создание модели развития. С другой стороны рамки и место обучения кадров способствует подготовки и реализации модели развития.', 5, 1, '2021-05-03 00:00:00');
INSERT INTO `posts` (`ID`, `ACTIVE`, `TITLE`, `CODE`, `CONTENT`, `CATEGORY_ID`, `AUTHOR_ID`, `DATE`) VALUES
(63, 1, 'Все чаще появляется информация о том, что известный инсайдер, в преддверии важного события, обнадёживает', 'Increasingly,_there_is_information_that_a well-known_insider,_on_the_eve_of_an _important_event,_is_encouraging', 'С другой стороны постоянное информационно-пропагандистское обеспечение нашей деятельности обеспечивает широкому кругу (специалистов) участие в формировании позиций, занимаемых участниками в отношении поставленных задач. Идейные соображения высшего порядка, а также укрепление и развитие структуры играет важную роль в формировании существенных финансовых и административных условий.\r\n. Повседневная практика показывает, что укрепление и развитие структуры обеспечивает широкому кругу (специалистов) участие в формировании дальнейших направлений развития. С другой стороны постоянное информационно-пропагандистское обеспечение нашей деятельности обеспечивает широкому кругу (специалистов) участие в формировании позиций, занимаемых участниками в отношении поставленных задач.\r\nРавным образом постоянный количественный рост и сфера нашей активности играет важную роль в формировании системы обучения кадров, соответствует насущным потребностям. Товарищи! сложившаяся структура организации представляет собой интересный эксперимент проверки направлений прогрессивного развития. Повседневная практика показывает, что реализация намеченных плановых заданий в значительной степени обуславливает создание модели развития. С другой стороны рамки и место обучения кадров способствует подготовки и реализации модели развития.', 5, 1, '2021-05-03 00:00:00'),
(64, 1, 'Все чаще появляется информация о том, что известный инсайдер, в преддверии важного события, обнадёживает', 'Increasingly,_there_is_information_that_a well-known_insider,_on_the_eve_of_an _important_event,_is_encouraging', 'С другой стороны постоянное информационно-пропагандистское обеспечение нашей деятельности обеспечивает широкому кругу (специалистов) участие в формировании позиций, занимаемых участниками в отношении поставленных задач. Идейные соображения высшего порядка, а также укрепление и развитие структуры играет важную роль в формировании существенных финансовых и административных условий.\r\n. Повседневная практика показывает, что укрепление и развитие структуры обеспечивает широкому кругу (специалистов) участие в формировании дальнейших направлений развития. С другой стороны постоянное информационно-пропагандистское обеспечение нашей деятельности обеспечивает широкому кругу (специалистов) участие в формировании позиций, занимаемых участниками в отношении поставленных задач.\r\nРавным образом постоянный количественный рост и сфера нашей активности играет важную роль в формировании системы обучения кадров, соответствует насущным потребностям. Товарищи! сложившаяся структура организации представляет собой интересный эксперимент проверки направлений прогрессивного развития. Повседневная практика показывает, что реализация намеченных плановых заданий в значительной степени обуславливает создание модели развития. С другой стороны рамки и место обучения кадров способствует подготовки и реализации модели развития.', 5, 1, '2021-05-03 00:00:00'),
(65, 1, 'Все чаще появляется информация о том, что известный инсайдер, в преддверии важного события, обнадёживает', 'Increasingly,_there_is_information_that_a well-known_insider,_on_the_eve_of_an _important_event,_is_encouraging', 'С другой стороны постоянное информационно-пропагандистское обеспечение нашей деятельности обеспечивает широкому кругу (специалистов) участие в формировании позиций, занимаемых участниками в отношении поставленных задач. Идейные соображения высшего порядка, а также укрепление и развитие структуры играет важную роль в формировании существенных финансовых и административных условий.\r\n. Повседневная практика показывает, что укрепление и развитие структуры обеспечивает широкому кругу (специалистов) участие в формировании дальнейших направлений развития. С другой стороны постоянное информационно-пропагандистское обеспечение нашей деятельности обеспечивает широкому кругу (специалистов) участие в формировании позиций, занимаемых участниками в отношении поставленных задач.\r\nРавным образом постоянный количественный рост и сфера нашей активности играет важную роль в формировании системы обучения кадров, соответствует насущным потребностям. Товарищи! сложившаяся структура организации представляет собой интересный эксперимент проверки направлений прогрессивного развития. Повседневная практика показывает, что реализация намеченных плановых заданий в значительной степени обуславливает создание модели развития. С другой стороны рамки и место обучения кадров способствует подготовки и реализации модели развития.', 5, 1, '2021-05-03 00:00:00'),
(66, 1, 'Все чаще появляется информация о том, что известный инсайдер, в преддверии важного события, обнадёживает', 'Increasingly,_there_is_information_that_a well-known_insider,_on_the_eve_of_an _important_event,_is_encouraging', 'С другой стороны постоянное информационно-пропагандистское обеспечение нашей деятельности обеспечивает широкому кругу (специалистов) участие в формировании позиций, занимаемых участниками в отношении поставленных задач. Идейные соображения высшего порядка, а также укрепление и развитие структуры играет важную роль в формировании существенных финансовых и административных условий.\r\n. Повседневная практика показывает, что укрепление и развитие структуры обеспечивает широкому кругу (специалистов) участие в формировании дальнейших направлений развития. С другой стороны постоянное информационно-пропагандистское обеспечение нашей деятельности обеспечивает широкому кругу (специалистов) участие в формировании позиций, занимаемых участниками в отношении поставленных задач.\r\nРавным образом постоянный количественный рост и сфера нашей активности играет важную роль в формировании системы обучения кадров, соответствует насущным потребностям. Товарищи! сложившаяся структура организации представляет собой интересный эксперимент проверки направлений прогрессивного развития. Повседневная практика показывает, что реализация намеченных плановых заданий в значительной степени обуславливает создание модели развития. С другой стороны рамки и место обучения кадров способствует подготовки и реализации модели развития.', 5, 1, '2021-05-03 00:00:00'),
(67, 1, 'Все чаще появляется информация о том, что известный инсайдер, в преддверии важного события, обнадёживает', 'Increasingly,_there_is_information_that_a well-known_insider,_on_the_eve_of_an _important_event,_is_encouraging', 'С другой стороны постоянное информационно-пропагандистское обеспечение нашей деятельности обеспечивает широкому кругу (специалистов) участие в формировании позиций, занимаемых участниками в отношении поставленных задач. Идейные соображения высшего порядка, а также укрепление и развитие структуры играет важную роль в формировании существенных финансовых и административных условий.\r\n. Повседневная практика показывает, что укрепление и развитие структуры обеспечивает широкому кругу (специалистов) участие в формировании дальнейших направлений развития. С другой стороны постоянное информационно-пропагандистское обеспечение нашей деятельности обеспечивает широкому кругу (специалистов) участие в формировании позиций, занимаемых участниками в отношении поставленных задач.\r\nРавным образом постоянный количественный рост и сфера нашей активности играет важную роль в формировании системы обучения кадров, соответствует насущным потребностям. Товарищи! сложившаяся структура организации представляет собой интересный эксперимент проверки направлений прогрессивного развития. Повседневная практика показывает, что реализация намеченных плановых заданий в значительной степени обуславливает создание модели развития. С другой стороны рамки и место обучения кадров способствует подготовки и реализации модели развития.', 5, 1, '2021-05-03 00:00:00'),
(68, 1, 'Все чаще появляется информация о том, что известный инсайдер, в преддверии важного события, обнадёживает', 'Increasingly,_there_is_information_that_a well-known_insider,_on_the_eve_of_an _important_event,_is_encouraging', 'С другой стороны постоянное информационно-пропагандистское обеспечение нашей деятельности обеспечивает широкому кругу (специалистов) участие в формировании позиций, занимаемых участниками в отношении поставленных задач. Идейные соображения высшего порядка, а также укрепление и развитие структуры играет важную роль в формировании существенных финансовых и административных условий.\r\n. Повседневная практика показывает, что укрепление и развитие структуры обеспечивает широкому кругу (специалистов) участие в формировании дальнейших направлений развития. С другой стороны постоянное информационно-пропагандистское обеспечение нашей деятельности обеспечивает широкому кругу (специалистов) участие в формировании позиций, занимаемых участниками в отношении поставленных задач.\r\nРавным образом постоянный количественный рост и сфера нашей активности играет важную роль в формировании системы обучения кадров, соответствует насущным потребностям. Товарищи! сложившаяся структура организации представляет собой интересный эксперимент проверки направлений прогрессивного развития. Повседневная практика показывает, что реализация намеченных плановых заданий в значительной степени обуславливает создание модели развития. С другой стороны рамки и место обучения кадров способствует подготовки и реализации модели развития.', 5, 1, '2021-05-03 00:00:00'),
(69, 1, 'Все чаще появляется информация о том, что известный инсайдер, в преддверии важного события, обнадёживает', 'Increasingly,_there_is_information_that_a well-known_insider,_on_the_eve_of_an _important_event,_is_encouraging', 'С другой стороны постоянное информационно-пропагандистское обеспечение нашей деятельности обеспечивает широкому кругу (специалистов) участие в формировании позиций, занимаемых участниками в отношении поставленных задач. Идейные соображения высшего порядка, а также укрепление и развитие структуры играет важную роль в формировании существенных финансовых и административных условий.\r\n. Повседневная практика показывает, что укрепление и развитие структуры обеспечивает широкому кругу (специалистов) участие в формировании дальнейших направлений развития. С другой стороны постоянное информационно-пропагандистское обеспечение нашей деятельности обеспечивает широкому кругу (специалистов) участие в формировании позиций, занимаемых участниками в отношении поставленных задач.\r\nРавным образом постоянный количественный рост и сфера нашей активности играет важную роль в формировании системы обучения кадров, соответствует насущным потребностям. Товарищи! сложившаяся структура организации представляет собой интересный эксперимент проверки направлений прогрессивного развития. Повседневная практика показывает, что реализация намеченных плановых заданий в значительной степени обуславливает создание модели развития. С другой стороны рамки и место обучения кадров способствует подготовки и реализации модели развития.', 5, 1, '2021-05-03 00:00:00'),
(70, 1, 'Все чаще появляется информация о том, что известный инсайдер, в преддверии важного события, обнадёживает', 'Increasingly,_there_is_information_that_a well-known_insider,_on_the_eve_of_an _important_event,_is_encouraging', 'С другой стороны постоянное информационно-пропагандистское обеспечение нашей деятельности обеспечивает широкому кругу (специалистов) участие в формировании позиций, занимаемых участниками в отношении поставленных задач. Идейные соображения высшего порядка, а также укрепление и развитие структуры играет важную роль в формировании существенных финансовых и административных условий.\r\n. Повседневная практика показывает, что укрепление и развитие структуры обеспечивает широкому кругу (специалистов) участие в формировании дальнейших направлений развития. С другой стороны постоянное информационно-пропагандистское обеспечение нашей деятельности обеспечивает широкому кругу (специалистов) участие в формировании позиций, занимаемых участниками в отношении поставленных задач.\r\nРавным образом постоянный количественный рост и сфера нашей активности играет важную роль в формировании системы обучения кадров, соответствует насущным потребностям. Товарищи! сложившаяся структура организации представляет собой интересный эксперимент проверки направлений прогрессивного развития. Повседневная практика показывает, что реализация намеченных плановых заданий в значительной степени обуславливает создание модели развития. С другой стороны рамки и место обучения кадров способствует подготовки и реализации модели развития.', 5, 1, '2021-05-03 00:00:00'),
(71, 1, 'Все чаще появляется информация о том, что известный инсайдер, в преддверии важного события, обнадёживает', 'Increasingly,_there_is_information_that_a well-known_insider,_on_the_eve_of_an _important_event,_is_encouraging', 'С другой стороны постоянное информационно-пропагандистское обеспечение нашей деятельности обеспечивает широкому кругу (специалистов) участие в формировании позиций, занимаемых участниками в отношении поставленных задач. Идейные соображения высшего порядка, а также укрепление и развитие структуры играет важную роль в формировании существенных финансовых и административных условий.\r\n. Повседневная практика показывает, что укрепление и развитие структуры обеспечивает широкому кругу (специалистов) участие в формировании дальнейших направлений развития. С другой стороны постоянное информационно-пропагандистское обеспечение нашей деятельности обеспечивает широкому кругу (специалистов) участие в формировании позиций, занимаемых участниками в отношении поставленных задач.\r\nРавным образом постоянный количественный рост и сфера нашей активности играет важную роль в формировании системы обучения кадров, соответствует насущным потребностям. Товарищи! сложившаяся структура организации представляет собой интересный эксперимент проверки направлений прогрессивного развития. Повседневная практика показывает, что реализация намеченных плановых заданий в значительной степени обуславливает создание модели развития. С другой стороны рамки и место обучения кадров способствует подготовки и реализации модели развития.', 5, 1, '2021-05-03 00:00:00'),
(72, 1, 'Все чаще появляется информация о том, что известный инсайдер, в преддверии важного события, обнадёживает', 'Increasingly,_there_is_information_that_a well-known_insider,_on_the_eve_of_an _important_event,_is_encouraging', 'С другой стороны постоянное информационно-пропагандистское обеспечение нашей деятельности обеспечивает широкому кругу (специалистов) участие в формировании позиций, занимаемых участниками в отношении поставленных задач. Идейные соображения высшего порядка, а также укрепление и развитие структуры играет важную роль в формировании существенных финансовых и административных условий.\r\n. Повседневная практика показывает, что укрепление и развитие структуры обеспечивает широкому кругу (специалистов) участие в формировании дальнейших направлений развития. С другой стороны постоянное информационно-пропагандистское обеспечение нашей деятельности обеспечивает широкому кругу (специалистов) участие в формировании позиций, занимаемых участниками в отношении поставленных задач.\r\nРавным образом постоянный количественный рост и сфера нашей активности играет важную роль в формировании системы обучения кадров, соответствует насущным потребностям. Товарищи! сложившаяся структура организации представляет собой интересный эксперимент проверки направлений прогрессивного развития. Повседневная практика показывает, что реализация намеченных плановых заданий в значительной степени обуславливает создание модели развития. С другой стороны рамки и место обучения кадров способствует подготовки и реализации модели развития.', 5, 1, '2021-05-03 00:00:00'),
(73, 1, 'Все чаще появляется информация о том, что известный инсайдер, в преддверии важного события, обнадёживает', 'Increasingly,_there_is_information_that_a well-known_insider,_on_the_eve_of_an _important_event,_is_encouraging', 'С другой стороны постоянное информационно-пропагандистское обеспечение нашей деятельности обеспечивает широкому кругу (специалистов) участие в формировании позиций, занимаемых участниками в отношении поставленных задач. Идейные соображения высшего порядка, а также укрепление и развитие структуры играет важную роль в формировании существенных финансовых и административных условий.\r\n. Повседневная практика показывает, что укрепление и развитие структуры обеспечивает широкому кругу (специалистов) участие в формировании дальнейших направлений развития. С другой стороны постоянное информационно-пропагандистское обеспечение нашей деятельности обеспечивает широкому кругу (специалистов) участие в формировании позиций, занимаемых участниками в отношении поставленных задач.\r\nРавным образом постоянный количественный рост и сфера нашей активности играет важную роль в формировании системы обучения кадров, соответствует насущным потребностям. Товарищи! сложившаяся структура организации представляет собой интересный эксперимент проверки направлений прогрессивного развития. Повседневная практика показывает, что реализация намеченных плановых заданий в значительной степени обуславливает создание модели развития. С другой стороны рамки и место обучения кадров способствует подготовки и реализации модели развития.', 5, 1, '2021-05-03 00:00:00'),
(74, 1, 'Все чаще появляется информация о том, что известный инсайдер, в преддверии важного события, обнадёживает', 'Increasingly,_there_is_information_that_a well-known_insider,_on_the_eve_of_an _important_event,_is_encouraging', 'С другой стороны постоянное информационно-пропагандистское обеспечение нашей деятельности обеспечивает широкому кругу (специалистов) участие в формировании позиций, занимаемых участниками в отношении поставленных задач. Идейные соображения высшего порядка, а также укрепление и развитие структуры играет важную роль в формировании существенных финансовых и административных условий.\r\n. Повседневная практика показывает, что укрепление и развитие структуры обеспечивает широкому кругу (специалистов) участие в формировании дальнейших направлений развития. С другой стороны постоянное информационно-пропагандистское обеспечение нашей деятельности обеспечивает широкому кругу (специалистов) участие в формировании позиций, занимаемых участниками в отношении поставленных задач.\r\nРавным образом постоянный количественный рост и сфера нашей активности играет важную роль в формировании системы обучения кадров, соответствует насущным потребностям. Товарищи! сложившаяся структура организации представляет собой интересный эксперимент проверки направлений прогрессивного развития. Повседневная практика показывает, что реализация намеченных плановых заданий в значительной степени обуславливает создание модели развития. С другой стороны рамки и место обучения кадров способствует подготовки и реализации модели развития.', 5, 1, '2021-05-03 00:00:00'),
(75, 1, 'Все чаще появляется информация о том, что известный инсайдер, в преддверии важного события, обнадёживает', 'Increasingly,_there_is_information_that_a well-known_insider,_on_the_eve_of_an _important_event,_is_encouraging', 'С другой стороны постоянное информационно-пропагандистское обеспечение нашей деятельности обеспечивает широкому кругу (специалистов) участие в формировании позиций, занимаемых участниками в отношении поставленных задач. Идейные соображения высшего порядка, а также укрепление и развитие структуры играет важную роль в формировании существенных финансовых и административных условий.\r\n. Повседневная практика показывает, что укрепление и развитие структуры обеспечивает широкому кругу (специалистов) участие в формировании дальнейших направлений развития. С другой стороны постоянное информационно-пропагандистское обеспечение нашей деятельности обеспечивает широкому кругу (специалистов) участие в формировании позиций, занимаемых участниками в отношении поставленных задач.\r\nРавным образом постоянный количественный рост и сфера нашей активности играет важную роль в формировании системы обучения кадров, соответствует насущным потребностям. Товарищи! сложившаяся структура организации представляет собой интересный эксперимент проверки направлений прогрессивного развития. Повседневная практика показывает, что реализация намеченных плановых заданий в значительной степени обуславливает создание модели развития. С другой стороны рамки и место обучения кадров способствует подготовки и реализации модели развития.', 5, 1, '2021-05-03 00:00:00'),
(76, 1, 'Все чаще появляется информация о том, что известный инсайдер, в преддверии важного события, обнадёживает', 'Increasingly,_there_is_information_that_a well-known_insider,_on_the_eve_of_an _important_event,_is_encouraging', 'С другой стороны постоянное информационно-пропагандистское обеспечение нашей деятельности обеспечивает широкому кругу (специалистов) участие в формировании позиций, занимаемых участниками в отношении поставленных задач. Идейные соображения высшего порядка, а также укрепление и развитие структуры играет важную роль в формировании существенных финансовых и административных условий.\r\n. Повседневная практика показывает, что укрепление и развитие структуры обеспечивает широкому кругу (специалистов) участие в формировании дальнейших направлений развития. С другой стороны постоянное информационно-пропагандистское обеспечение нашей деятельности обеспечивает широкому кругу (специалистов) участие в формировании позиций, занимаемых участниками в отношении поставленных задач.\r\nРавным образом постоянный количественный рост и сфера нашей активности играет важную роль в формировании системы обучения кадров, соответствует насущным потребностям. Товарищи! сложившаяся структура организации представляет собой интересный эксперимент проверки направлений прогрессивного развития. Повседневная практика показывает, что реализация намеченных плановых заданий в значительной степени обуславливает создание модели развития. С другой стороны рамки и место обучения кадров способствует подготовки и реализации модели развития.', 5, 1, '2021-05-03 00:00:00');

--
-- Индексы сохранённых таблиц
--

--
-- Индексы таблицы `authors`
--
ALTER TABLE `authors`
  ADD PRIMARY KEY (`ID`);

--
-- Индексы таблицы `categories`
--
ALTER TABLE `categories`
  ADD PRIMARY KEY (`ID`);

--
-- Индексы таблицы `posts`
--
ALTER TABLE `posts`
  ADD PRIMARY KEY (`ID`),
  ADD KEY `CATEGORY_ID` (`CATEGORY_ID`),
  ADD KEY `AUTHOR_ID` (`AUTHOR_ID`);

--
-- AUTO_INCREMENT для сохранённых таблиц
--

--
-- AUTO_INCREMENT для таблицы `authors`
--
ALTER TABLE `authors`
  MODIFY `ID` int(11) NOT NULL AUTO_INCREMENT, AUTO_INCREMENT=3;

--
-- AUTO_INCREMENT для таблицы `categories`
--
ALTER TABLE `categories`
  MODIFY `ID` int(11) NOT NULL AUTO_INCREMENT, AUTO_INCREMENT=6;

--
-- AUTO_INCREMENT для таблицы `posts`
--
ALTER TABLE `posts`
  MODIFY `ID` int(11) NOT NULL AUTO_INCREMENT, AUTO_INCREMENT=77;

--
-- Ограничения внешнего ключа сохраненных таблиц
--

--
-- Ограничения внешнего ключа таблицы `posts`
--
ALTER TABLE `posts`
  ADD CONSTRAINT `posts_ibfk_1` FOREIGN KEY (`CATEGORY_ID`) REFERENCES `categories` (`ID`),
  ADD CONSTRAINT `posts_ibfk_2` FOREIGN KEY (`AUTHOR_ID`) REFERENCES `authors` (`ID`);
COMMIT;

/*!40101 SET CHARACTER_SET_CLIENT=@OLD_CHARACTER_SET_CLIENT */;
/*!40101 SET CHARACTER_SET_RESULTS=@OLD_CHARACTER_SET_RESULTS */;
/*!40101 SET COLLATION_CONNECTION=@OLD_COLLATION_CONNECTION */;
